system:index,Air_Temp_Baseline,Albedo,LST_Day,LST_Night,NDBI,NDVI,NDWI,.geo
7,24.782156372070347,333.4155511811024,32.46025838000003,28.32000000000005,-0.1615720524017467,-0.23453237410071942,0.3806752037252619,"{""type"":""Point"",""coordinates"":[80.18704565926232,13.16634058900498]}"
8,24.79308338994565,1716.981496062992,43.78415863999999,28.82000000000005,0.0853582554517134,0.20922570016474465,-0.2626146788990826,"{""type"":""Point"",""coordinates"":[80.18574204944784,13.138216435158286]}"
13,24.782156372070347,1657.8653543307087,46.159682540000006,28.480000000000018,-0.1583316861039731,0.5773889636608345,-0.5248503773093937,"{""type"":""Point"",""coordinates"":[80.20864467732461,13.174125788980387]}"
14,24.792413330078148,2055.037598425197,43.162079000000006,29.510000000000048,0.009752438109527382,0.20163859808830223,-0.23682361208713984,"{""type"":""Point"",""coordinates"":[80.22782621239439,12.979145864342552]}"
17,24.782156372070347,1843.5986220472441,45.99903560000001,28.630000000000052,0.0564042303172738,0.23065134099616857,-0.29411764705882354,"{""type"":""Point"",""coordinates"":[80.18296498126169,13.189560428696888]}"
18,24.792413330078148,1277.5425196850395,50.23396237999998,29.630000000000052,0.12077294685990338,0.015247303830420231,-0.07905138339920949,"{""type"":""Point"",""coordinates"":[80.17789975542868,12.99203260019478]}"
19,24.792413330078148,2058.314173228346,45.031735939999976,29.480000000000018,0.12224448897795591,0.10226492793411118,-0.18962962962962962,"{""type"":""Point"",""coordinates"":[80.22042439016593,13.023247784648978]}"
21,24.79308338994565,1717.6527559055119,46.180190659999994,29.360000000000014,0.03183183183183183,0.3123473541383989,-0.3742540494458653,"{""type"":""Point"",""coordinates"":[80.20723507588426,13.149317156883786]}"
24,24.782156372070347,342.00019685039365,32.82256849999999,28.52000000000004,-0.09090909090909091,-0.18758815232722145,0.38461538461538464,"{""type"":""Point"",""coordinates"":[80.18453052051373,13.183171256624552]}"
26,24.79308338994565,1968.8938976377954,45.69141380000002,29.77000000000004,0.06110056925996205,0.18486590038314177,-0.2308457711442786,"{""type"":""Point"",""coordinates"":[80.17072423280099,13.054961004965094]}"
33,24.79308338994565,1706.4490157480316,42.37251637999998,29.55000000000001,-0.018769096464426014,0.26435536294691225,-0.2952275249722531,"{""type"":""Point"",""coordinates"":[80.20616251120722,13.092888311303547]}"
36,24.79308338994565,1625.155708661417,42.06489457999999,29.730000000000018,0.019653720168460457,0.22946009389671362,-0.25111973723499553,"{""type"":""Point"",""coordinates"":[80.16825121208723,13.123533932759544]}"
38,24.79308338994565,2004.2866141732284,40.28410616000002,29.52000000000004,-0.05196023260176327,0.2806576844028317,-0.2874196510560147,"{""type"":""Point"",""coordinates"":[80.24539663914454,13.06572600249366]}"
42,24.792413330078148,1810.6429133858267,44.71386008000002,29.650000000000034,0.0017860686644175431,0.299405838284681,-0.3388341762044184,"{""type"":""Point"",""coordinates"":[80.1891874973691,13.030761126502016]}"
43,24.792413330078148,1163.5021653543308,48.32670722,29.730000000000018,0.18966565349544073,0.1258445945945946,-0.20524412296564196,"{""type"":""Point"",""coordinates"":[80.17295377722465,12.99231480984359]}"
45,24.792413330078148,1818.707874015748,46.49123048000001,28.980000000000018,0.21634380595800098,0.27354497354497354,-0.4259478672985782,"{""type"":""Point"",""coordinates"":[80.17397709433321,13.010637657969784]}"
46,24.79308338994565,606.9125984251967,35.95689284000002,29.690000000000055,-0.27404718693284935,0.5565410199556541,-0.40493662441627754,"{""type"":""Point"",""coordinates"":[80.21389214795994,13.13632762848046]}"
49,24.792413330078148,1821.075,42.23579558000006,29.430000000000007,-0.015949554896142432,0.38894523326572006,-0.4221183800623053,"{""type"":""Point"",""coordinates"":[80.20088626553688,13.023191105433872]}"
51,24.79308338994565,1832.3299212598424,45.342775759999995,29.690000000000055,-0.04811757600161063,0.29825436408977557,-0.3317984139166027,"{""type"":""Point"",""coordinates"":[80.19312109129922,13.085963508194135]}"
53,24.792413330078148,2329.711811023622,44.64891770000003,29.450000000000045,0.017001545595054096,0.14274306248752247,-0.1855840927920464,"{""type"":""Point"",""coordinates"":[80.19533243796032,12.991635881678336]}"
54,24.79308338994565,1940.3564960629922,43.36716020000006,29.670000000000016,0.12538343558282208,0.12226322263222632,-0.20274189296071712,"{""type"":""Point"",""coordinates"":[80.20978044343178,13.112330154716393]}"
57,24.79308338994565,2065.9027559055116,42.18794330000003,29.210000000000036,0.056672098497193554,0.19413247765299105,-0.24047619047619048,"{""type"":""Point"",""coordinates"":[80.1983760065323,13.139575661494323]}"
60,24.792413330078148,1214.3564960629922,50.11433168000002,29.630000000000052,0.16037735849056603,0.06332138590203107,-0.1337579617834395,"{""type"":""Point"",""coordinates"":[80.18159059644668,12.993785248862547]}"
63,24.782156372070347,314.72066929133854,32.88409286000001,28.680000000000007,-0.2037037037037037,-0.22038980509745126,0.4110985277463194,"{""type"":""Point"",""coordinates"":[80.1696694090506,13.187415601740307]}"
64,24.79308338994565,1454.7925196850395,44.768548399999986,29.33000000000004,-0.17143481109412537,0.6294046172539489,-0.5883920639620965,"{""type"":""Point"",""coordinates"":[80.21873502890334,13.150148182122722]}"
66,24.782156372070347,2340.016929133858,48.51128030000001,28.29000000000002,-0.1498926270579814,0.5629499902704806,-0.530779493043644,"{""type"":""Point"",""coordinates"":[80.21637532618062,13.172083647102966]}"
67,24.79308338994565,1816.985433070866,44.358385999999996,29.57000000000005,2.037905033625433E-4,0.2454937801472455,-0.30548163916977117,"{""type"":""Point"",""coordinates"":[80.16561248227639,13.08475041570742]}"
73,24.792413330078148,1377.065157480315,43.55173328000001,28.870000000000005,0.0034063260340632603,0.4217285664699757,-0.3936713167744131,"{""type"":""Point"",""coordinates"":[80.21939474346254,13.011952213676034]}"
74,24.792413330078148,1807.3358267716535,42.09565676,29.870000000000005,-0.18397469688982604,0.6583805070145213,-0.5839210155148096,"{""type"":""Point"",""coordinates"":[80.1794445934483,13.036032541918019]}"
81,24.79308338994565,1835.8938976377954,44.160140840000054,28.57000000000005,0.05870992661259174,0.26630293582748765,-0.312331717824448,"{""type"":""Point"",""coordinates"":[80.17858342374373,13.14098260693369]}"
82,24.79308338994565,1638.1616141732284,43.25778356000001,29.660000000000025,0.06385869565217392,0.19066820276497695,-0.2410687481236866,"{""type"":""Point"",""coordinates"":[80.22673736204848,13.068593770482615]}"
83,24.79308338994565,1784.084842519685,43.93796954000004,28.380000000000052,0.031831335262505166,0.2574496644295302,-0.2693766937669377,"{""type"":""Point"",""coordinates"":[80.18155227138332,13.141857044359654]}"
84,24.792413330078148,2043.100590551181,44.04734617999998,29.880000000000052,-0.012341197822141561,0.2805325987144169,-0.3066291871632701,"{""type"":""Point"",""coordinates"":[80.17913519964854,13.026483768140318]}"
85,24.79308338994565,267.6478346456693,31.157992760000013,29.400000000000034,-0.08064516129032258,-0.30329289428076256,0.40532544378698226,"{""type"":""Point"",""coordinates"":[80.17482149565676,13.124583274189316]}"
86,24.782156372070347,423.6153543307086,31.83476072000002,28.430000000000007,-0.17209302325581396,-0.16648291069459759,0.26744186046511625,"{""type"":""Point"",""coordinates"":[80.18040894229205,13.168121229352243]}"
87,24.782156372070347,664.8870078740157,37.27283054000003,28.79000000000002,-0.11418685121107267,0.09375,0.027190332326283987,"{""type"":""Point"",""coordinates"":[80.2478662805732,13.159640831350105]}"
94,24.792413330078148,1493.6429133858267,47.66019332000002,29.310000000000002,0.12756209307933447,0.12534992223950234,-0.25974930362116994,"{""type"":""Point"",""coordinates"":[80.18264149849409,13.002368088186255]}"
95,24.79308338994565,1913.6635826771649,45.14453060000005,29.900000000000034,0.06073838824930528,0.17273853779429987,-0.2332551472504561,"{""type"":""Point"",""coordinates"":[80.22259455372102,13.058334343554124]}"
96,24.782156372070347,1728.1527559055119,42.69039224000005,28.79000000000002,0.046231336571325776,0.4446866485013624,-0.48266219239373603,"{""type"":""Point"",""coordinates"":[80.24475632212712,13.1603823567929]}"
97,24.79308338994565,1946.7374015748028,44.669425820000015,29.77000000000004,0.08975079632752482,0.18603515625,-0.2605085625324338,"{""type"":""Point"",""coordinates"":[80.17055229283221,13.05234609345034]}"
99,24.792413330078148,1524.91062992126,44.46434462000002,29.680000000000007,0.11926159825115375,0.13241723922548407,-0.21108884435537742,"{""type"":""Point"",""coordinates"":[80.20099559774297,13.048402711266162]}"
100,24.792413330078148,1711.442125984252,44.457508580000024,29.33000000000004,0.028971028971028972,0.3488759367194005,-0.3798977853492334,"{""type"":""Point"",""coordinates"":[80.19113238073712,13.005456221468924]}"
102,24.792413330078148,1263.215748031496,36.55504633999999,28.99000000000001,-0.16973904716303567,0.7332387371408301,-0.6545885540128683,"{""type"":""Point"",""coordinates"":[80.22065400358176,12.994397352954726]}"
104,24.782156372070347,2113.7748031496067,47.058621800000026,28.05000000000001,0.08941755537325677,0.25679347826086957,-0.3117466320018908,"{""type"":""Point"",""coordinates"":[80.20534368332993,13.174943790252296]}"
106,24.79308338994565,1998.4755905511813,39.95597624000004,29.670000000000016,-0.10431204151010914,0.3733867378727192,-0.3900900900900901,"{""type"":""Point"",""coordinates"":[80.20869595328747,13.087789377779675]}"
107,24.79308338994565,2218.227559055118,48.11820799999998,29.53000000000003,0.05661059866160246,0.13194444444444445,-0.16636851520572452,"{""type"":""Point"",""coordinates"":[80.16130785336225,13.059650440871794]}"
108,24.792413330078148,1433.4982283464567,36.81139784000004,28.260000000000048,-0.23400447427293064,0.6946236559139785,-0.614281533508926,"{""type"":""Point"",""coordinates"":[80.23532415312313,12.994243570961629]}"
110,24.79308338994565,1899.7374015748028,45.127440500000034,29.74000000000001,0.08888454776323501,0.16658329164582292,-0.2254335260115607,"{""type"":""Point"",""coordinates"":[80.19645060427536,13.070880006006075]}"
112,24.792413330078148,1448.1251968503936,37.201052119999986,28.950000000000045,-0.21684305336635892,0.6405585913782635,-0.5917525773195876,"{""type"":""Point"",""coordinates"":[80.23955550657229,12.999321669330566]}"
119,24.79308338994565,1922.9568897637796,44.29686164000003,29.630000000000052,-0.05674846625766871,0.30895274281643315,-0.3368906136308513,"{""type"":""Point"",""coordinates"":[80.17994730075245,13.08997056889505]}"
125,24.79308338994565,1901.2570866141732,44.057600240000056,28.380000000000052,0.09800828239006114,0.1939441399112503,-0.21358450517378616,"{""type"":""Point"",""coordinates"":[80.18217767987187,13.14149339107806]}"
126,24.79308338994565,1984.0917322834646,43.606421599999976,29.710000000000036,0.06326649795600545,0.15923873765357746,-0.19880418535127056,"{""type"":""Point"",""coordinates"":[80.19147817696815,13.057049037847479]}"
129,24.79308338994565,1756.7374015748032,43.50388099999998,29.450000000000045,0.021374927787406125,0.31521739130434784,-0.402317880794702,"{""type"":""Point"",""coordinates"":[80.23110542026959,13.143216705671382]}"
131,24.792413330078148,2110.37125984252,43.66794596,29.420000000000016,0.03961584633853541,0.23620309050772628,-0.2918108419838524,"{""type"":""Point"",""coordinates"":[80.17974857017768,13.018299107594725]}"
132,24.782156372070347,344.3456692913386,32.778134239999986,28.590000000000032,-0.1227364185110664,-0.2217573221757322,0.36806342015855037,"{""type"":""Point"",""coordinates"":[80.18989853426834,13.173213830204247]}"
134,24.792413330078148,1745.3909448818897,43.818338840000024,29.650000000000034,0.04397222806648433,0.25351724137931037,-0.290542459528543,"{""type"":""Point"",""coordinates"":[80.24551557116556,13.04816118518602]}"
135,24.79308338994565,1626.637992125984,43.739724379999984,29.450000000000045,0.05117370892018779,0.17911318553092181,-0.22077922077922077,"{""type"":""Point"",""coordinates"":[80.2423216276642,13.107569842956684]}"
137,24.792413330078148,1456.0877952755907,37.71375512000003,28.870000000000005,-0.18160224573526237,0.6878470080197409,-0.604221635883905,"{""type"":""Point"",""coordinates"":[80.23029095177877,12.988188415482636]}"
142,24.792413330078148,2758.553346456693,47.03811368000004,29.480000000000018,0.1397605952766095,-0.03097667638483965,-0.007769566041311351,"{""type"":""Point"",""coordinates"":[80.16457728785574,12.983994212150572]}"
143,24.79308338994565,1843.4549212598424,42.82711304000003,29.49000000000001,0.0805119735755574,0.18615179760319575,-0.23277055078881817,"{""type"":""Point"",""coordinates"":[80.23427761316603,13.09838196992721]}"
145,24.79308338994565,1852.7167322834646,47.195342600000004,29.860000000000014,0.09059367771781034,0.2060327198364008,-0.27341430499325237,"{""type"":""Point"",""coordinates"":[80.21297300857391,13.059200425575566]}"
149,24.79308338994565,1922.3318897637794,45.06591614000001,29.190000000000055,0.12076390189103164,0.1340255976817194,-0.22069144788146608,"{""type"":""Point"",""coordinates"":[80.16341978390105,13.10069964334747]}"
150,24.79308338994565,1685.5375984251968,46.64504138000001,29.840000000000032,0.08520179372197309,0.17174037909247558,-0.20567375886524822,"{""type"":""Point"",""coordinates"":[80.1984851833466,13.065361154287576]}"
155,24.792413330078148,1362.8122047244096,43.74997844000001,29.440000000000055,0.014394137660298352,0.300414364640884,-0.31862745098039214,"{""type"":""Point"",""coordinates"":[80.2471286477452,13.037514714958295]}"
156,24.782156372070347,1653.793503937008,47.53714460000003,27.910000000000025,0.033717105263157895,0.35135135135135137,-0.37749120750293086,"{""type"":""Point"",""coordinates"":[80.19934317877419,13.188314286857587]}"
158,24.79308338994565,1886.4568897637796,42.933071659999996,29.27000000000004,0.01329683222526398,0.2745642839100783,-0.3082706766917293,"{""type"":""Point"",""coordinates"":[80.22271516208536,13.138428736716563]}"
162,24.782156372070347,1860.477559055118,47.77298798000004,28.110000000000014,0.031003273637589063,0.2652753331657028,-0.31075800989841107,"{""type"":""Point"",""coordinates"":[80.19796116369116,13.185552471017402]}"
163,24.79308338994565,2342.944094488189,45.74268410000002,29.710000000000036,-0.05234989128616826,0.23010752688172043,-0.25238853503184716,"{""type"":""Point"",""coordinates"":[80.17422455159604,13.056212690452968]}"
164,24.782156372070347,541.5238188976379,37.50183788000004,28.160000000000025,-0.26043737574552683,0.056666666666666664,0.0655858511422255,"{""type"":""Point"",""coordinates"":[80.1723266668409,13.168342738171363]}"
165,24.792413330078148,1766.8929133858267,44.08836242000001,29.710000000000036,0.050051493305870234,0.22042868483725853,-0.2684268426842684,"{""type"":""Point"",""coordinates"":[80.2287578680675,13.029037113221172]}"
166,24.79308338994565,1896.7688976377954,42.74508056000002,29.630000000000052,0.07946087306376987,0.13717693836978131,-0.19727891156462585,"{""type"":""Point"",""coordinates"":[80.20222063327263,13.102302079654695]}"
170,24.792413330078148,1519.0415354330707,40.000410500000044,29.04000000000002,-0.17356754496026766,0.6356747303993004,-0.6066418551388492,"{""type"":""Point"",""coordinates"":[80.23784272641547,12.986244159155113]}"
174,24.79308338994565,1797.604527559055,43.244111480000015,29.670000000000016,0.022170361726954493,0.3042801556420233,-0.3494363929146538,"{""type"":""Point"",""coordinates"":[80.17951959525028,13.08005103595347]}"
175,24.792413330078148,1945.8062992125983,44.38914818000001,29.49000000000001,0.04702439024390244,0.18313953488372092,-0.23395654370894392,"{""type"":""Point"",""coordinates"":[80.21023415902822,12.996319366150107]}"
176,24.792413330078148,1550.547440944882,43.585913480000045,29.49000000000001,-0.033068229384679786,0.4655581947743468,-0.4590600059119125,"{""type"":""Point"",""coordinates"":[80.23922533193121,13.030655148177777]}"
179,24.792413330078148,1625.5444881889764,44.73778622000003,29.710000000000036,0.00802081075222198,0.3168345323741007,-0.3482616381850324,"{""type"":""Point"",""coordinates"":[80.22666916952211,13.030801156333535]}"
182,24.79308338994565,2092.769881889764,45.47949656000003,29.450000000000045,0.13001658374792704,0.34858611825192803,-0.328437579133958,"{""type"":""Point"",""coordinates"":[80.17483032419571,13.106590276172506]}"
183,24.782156372070347,1596.652755905512,47.13040022000001,27.750000000000057,0.024925224327018942,0.4306612053832651,-0.45752608047690013,"{""type"":""Point"",""coordinates"":[80.22876665264546,13.18397509610458]}"
184,24.79308338994565,1540.5336614173227,43.671363980000024,29.460000000000036,0.06059204440333025,0.2761545711592837,-0.29569377990430623,"{""type"":""Point"",""coordinates"":[80.24520851995533,13.051134151167707]}"
185,24.782156372070347,1666.7974409448816,46.83303248000004,27.870000000000005,0.026230831315577078,0.3911790141251081,-0.39077809798270896,"{""type"":""Point"",""coordinates"":[80.22125992788216,13.184337944027208]}"
188,24.79308338994565,1827.063188976378,46.125502340000025,29.630000000000052,0.0804837364470392,0.13835828600929273,-0.22602168473728107,"{""type"":""Point"",""coordinates"":[80.17518497590932,13.085700743131525]}"
189,24.782156372070347,1807.1852362204722,47.831094320000034,27.950000000000045,0.06664142370314274,0.26898326898326896,-0.32171581769436997,"{""type"":""Point"",""coordinates"":[80.21834350910807,13.180004604350104]}"
190,24.792413330078148,1380.0858267716537,48.68559932000005,29.450000000000045,0.18901150504813335,0.231811697574893,-0.3238788807972403,"{""type"":""Point"",""coordinates"":[80.17060299994188,13.000152893192377]}"
191,24.79308338994565,1718.434251968504,41.63080604000004,28.630000000000052,0.07763130362000419,0.21566464423607282,-0.2703170028818444,"{""type"":""Point"",""coordinates"":[80.19141723116883,13.14267445955233]}"
196,24.782156372070347,1908.3200787401574,45.14453060000005,28.170000000000016,0.024637427922418312,0.3479835788456894,-0.39271457085828343,"{""type"":""Point"",""coordinates"":[80.20305616625441,13.177399170095981]}"
197,24.792413330078148,1944.082874015748,42.6835562,29.710000000000036,0.021367521367521368,0.22281553398058251,-0.26044533400050035,"{""type"":""Point"",""coordinates"":[80.20937552964193,13.038554019370928]}"
203,24.79308338994565,2242.657677165354,42.96383384000001,29.360000000000014,0.026381461675579324,0.13673257023933402,-0.1825070361550119,"{""type"":""Point"",""coordinates"":[80.2047719031652,13.145630997692281]}"
206,24.79308338994565,1556.6999999999998,49.60846472000003,29.690000000000055,0.22069111723553106,0.16255534471853259,-0.2835195530726257,"{""type"":""Point"",""coordinates"":[80.19227544344034,13.067723638576421]}"
207,24.792413330078148,1292.096653543307,42.74166253999999,29.350000000000023,-0.06101190476190476,0.5218783351120597,-0.5127298444130127,"{""type"":""Point"",""coordinates"":[80.20910266755328,13.014393906689929]}"
208,24.792413330078148,1417.7639763779528,41.19671749999998,29.460000000000036,-0.003395585738539898,0.5425774877650897,-0.5256534365924492,"{""type"":""Point"",""coordinates"":[80.16436338149741,12.97799334265628]}"
210,24.792413330078148,2266.944094488189,43.507299020000005,29.07000000000005,0.1088759484736192,0.03441212617779599,-0.1425339366515837,"{""type"":""Point"",""coordinates"":[80.24287575786916,13.024474907798046]}"
211,24.792413330078148,1920.965748031496,43.95164162000003,29.730000000000018,0.07734268458990844,0.15653235653235653,-0.22662522662522663,"{""type"":""Point"",""coordinates"":[80.19460434583128,13.034573438392464]}"
214,24.79308338994565,1790.4244094488188,41.750436740000055,29.590000000000032,0.021250758955676987,0.24191063174114022,-0.30596813394544964,"{""type"":""Point"",""coordinates"":[80.23391101680596,13.12574907944333]}"
215,24.79308338994565,1738.3722440944882,43.29879979999998,29.74000000000001,-0.060960839725474364,0.3712496738846856,-0.392317880794702,"{""type"":""Point"",""coordinates"":[80.21055599422351,13.090526420385878]}"
219,24.79308338994565,1921.3899606299215,42.87838334000003,29.620000000000005,0.0334855403348554,0.2357090732181951,-0.29294986001527107,"{""type"":""Point"",""coordinates"":[80.23054058349085,13.110026805719345]}"
220,24.792413330078148,2024.4982283464565,43.47995486000002,29.49000000000001,0.07597765363128492,0.15664335664335666,-0.2218665353361241,"{""type"":""Point"",""coordinates"":[80.23513728810416,13.032905408002012]}"
221,24.792413330078148,1396.7708661417323,42.950161760000015,29.430000000000007,-0.06678193213745408,0.6114920013059092,-0.5932859909619109,"{""type"":""Point"",""coordinates"":[80.19687794942611,13.018243288989124]}"
223,24.792413330078148,1857.2127952755907,45.17187476000004,29.720000000000027,0.07485148514851485,0.2366331392271043,-0.26991030171242186,"{""type"":""Point"",""coordinates"":[80.16646683231576,13.040863117866328]}"
224,24.782156372070347,1420.3555118110235,43.64401982000004,28.430000000000007,0.03014686936356609,0.24594505130751407,-0.26819407008086255,"{""type"":""Point"",""coordinates"":[80.23853734606637,13.174576106971195]}"
225,24.79308338994565,1692.9125984251966,48.24467474000005,29.840000000000032,0.11556039173014146,0.15029719784885368,-0.21241050119331742,"{""type"":""Point"",""coordinates"":[80.19718446169172,13.065148684007807]}"
229,24.792413330078148,1821.3830708661417,43.41501248000003,29.910000000000025,0.0924072984108299,0.20531526836894215,-0.27402919305976314,"{""type"":""Point"",""coordinates"":[80.21904287076244,13.033924038742482]}"
230,24.79308338994565,2303.1271653543304,45.86915084000003,29.870000000000005,0.10956406431294546,0.14958270918039804,-0.20125223613595708,"{""type"":""Point"",""coordinates"":[80.17102675683486,13.05858927775488]}"
231,24.79308338994565,1907.630118110236,42.786096799999996,29.610000000000014,0.07631785995279308,0.19521506744718758,-0.24003168735146554,"{""type"":""Point"",""coordinates"":[80.23503014751701,13.120490874716138]}"
232,24.79308338994565,1796.4066929133858,41.029234520000045,29.590000000000032,-0.08275997641045803,0.4094165813715456,-0.41013824884792627,"{""type"":""Point"",""coordinates"":[80.1961258325846,13.095733332382979]}"
234,24.782156372070347,2355.8870078740156,45.24707120000005,28.620000000000005,0.08518578614311212,0.08569227806662816,-0.18023864350010466,"{""type"":""Point"",""coordinates"":[80.23326715386291,13.159740421525456]}"
239,24.792413330078148,1662.5326771653542,40.29094220000002,29.04000000000002,-0.12173384646546485,0.5289895085588073,-0.5114628820960698,"{""type"":""Point"",""coordinates"":[80.24128910318329,12.988332183722672]}"
243,24.782156372070347,1426.248228346457,42.46822094000004,29.03000000000003,-0.044890162368672396,0.4066216650594664,-0.4148076301325574,"{""type"":""Point"",""coordinates"":[80.24247030407957,13.151073549687382]}"
245,24.79308338994565,2139.9687007874013,41.80854308000005,29.460000000000036,0.019852941176470587,0.17109598067208434,-0.2112676056338028,"{""type"":""Point"",""coordinates"":[80.24864741554453,13.05708663290822]}"
246,24.792413330078148,1620.0553149606299,42.307574000000045,29.49000000000001,0.012857142857142857,0.23539928486293207,-0.25560266505148393,"{""type"":""Point"",""coordinates"":[80.23237594122986,13.027210050494986]}"
248,24.79308338994565,1792.4657480314959,45.37695596000003,29.710000000000036,0.11298621115455855,0.15953726123217649,-0.22408406702641295,"{""type"":""Point"",""coordinates"":[80.1768265623509,13.054192611004684]}"
250,24.782156372070347,1613.602559055118,45.096678320000024,28.03000000000003,-0.002572898799313894,0.3620739877658025,-0.37569873492203587,"{""type"":""Point"",""coordinates"":[80.23395863204713,13.18148868649192]}"
261,24.79308338994565,1428.0120078740156,41.996534180000026,29.58000000000004,-0.207020702070207,0.6530046224961479,-0.573943661971831,"{""type"":""Point"",""coordinates"":[80.1958358761288,13.108496171621555]}"
264,24.79308338994565,1852.2738188976377,41.11810304000005,28.82000000000005,0.027286702536510377,0.2582649763857818,-0.2986146741918933,"{""type"":""Point"",""coordinates"":[80.1827874228147,13.135113208022828]}"
266,24.792413330078148,1321.9736220472444,42.21870548000004,29.32000000000005,0.024379333482442405,0.5617615467239527,-0.5484558040468583,"{""type"":""Point"",""coordinates"":[80.17566054489544,13.003952272358713]}"
267,24.792413330078148,2010.005118110236,48.29936306000002,29.720000000000027,0.1314096673405624,0.1549364613880743,-0.20962375223957,"{""type"":""Point"",""coordinates"":[80.16691864338432,13.040183917391664]}"
268,24.782156372070347,2201.1370078740156,45.752938159999985,28.630000000000052,0.04438731790916881,0.16287799791449425,-0.2317207863927546,"{""type"":""Point"",""coordinates"":[80.24948814882424,13.15708869298189]}"
269,24.79308338994565,2612.333858267716,44.46092659999999,29.510000000000048,0.10564633554441029,0.06759366550791812,-0.0931382242436227,"{""type"":""Point"",""coordinates"":[80.23115344229359,13.106310335286096]}"
272,24.79308338994565,1751.2698818897636,42.70748234000001,29.590000000000032,-0.022490628904623073,0.2907465825446898,-0.3252361673414305,"{""type"":""Point"",""coordinates"":[80.19432237731577,13.09440465509312]}"
276,24.79308338994565,1735.5070866141732,43.25436553999998,28.970000000000027,-0.01503307276007216,0.3656957928802589,-0.37571312143439284,"{""type"":""Point"",""coordinates"":[80.24750095604062,13.146449761753113]}"
279,24.792413330078148,1742.4647637795276,45.69483181999999,29.74000000000001,0.060822147651006714,0.24319822320932816,-0.26034337179848016,"{""type"":""Point"",""coordinates"":[80.16110020483933,13.032830956082115]}"
282,24.79308338994565,307.4598425196851,32.25517718000003,28.400000000000034,-0.12317327766179541,-0.17737003058103976,0.37946943483275664,"{""type"":""Point"",""coordinates"":[80.17564041343017,13.148514824991699]}"
284,24.79308338994565,2009.1389763779525,43.06979246000003,28.82000000000005,0.0562944069958098,0.20437107649383865,-0.270542065244052,"{""type"":""Point"",""coordinates"":[80.18642549522129,13.13355520414699]}"
289,24.79308338994565,1732.771850393701,47.42776795999998,29.77000000000004,0.09777591271506504,0.1774370208105148,-0.24818577648766327,"{""type"":""Point"",""coordinates"":[80.16605874456664,13.053440595748095]}"
292,24.792413330078148,1941.3358267716535,41.83930526000006,29.07000000000005,-0.03831059615025229,0.310377358490566,-0.3260143198090692,"{""type"":""Point"",""coordinates"":[80.24171394696297,13.0225825628672]}"
297,24.79308338994565,1517.4076771653545,46.97317129999999,29.53000000000003,0.07792207792207792,0.1632010081915564,-0.21247947454844007,"{""type"":""Point"",""coordinates"":[80.16585756413082,13.06318005496223]}"
298,24.79308338994565,1729.6547244094488,43.26803762000003,29.590000000000032,0.042185792349726775,0.2168841988336573,-0.26028185217141214,"{""type"":""Point"",""coordinates"":[80.24291483917722,13.0884116038086]}"
300,24.79308338994565,1600.1783464566927,41.51459336000005,29.590000000000032,-0.072782874617737,0.4864406779661017,-0.49914529914529915,"{""type"":""Point"",""coordinates"":[80.19246853888538,13.0941730484852]}"
301,24.792413330078148,1630.157677165354,45.50342269999999,29.33000000000004,0.03352649006622516,0.3320022818026241,-0.38083973979893554,"{""type"":""Point"",""coordinates"":[80.19557729881474,13.002283525571876]}"
302,24.79308338994565,2155.9765748031496,42.11958290000001,29.810000000000002,0.002176278563656148,0.18654302350657753,-0.2278509261325597,"{""type"":""Point"",""coordinates"":[80.20460557638673,13.115802603240233]}"
303,24.792413330078148,2308.360433070866,45.20263694000005,29.74000000000001,0.04763536668951337,0.13312945973496432,-0.18280485209619068,"{""type"":""Point"",""coordinates"":[80.1969321498547,12.975527514193775]}"
305,24.79308338994565,879.0503937007874,33.51642656000001,28.57000000000005,-0.09595713589868485,0.16883116883116883,-0.14271203656678516,"{""type"":""Point"",""coordinates"":[80.17512012811967,13.139443566907927]}"
307,24.782156372070347,247.17244094488188,32.14238252000001,28.710000000000036,0.002932551319648094,-0.34108527131782945,0.5399188092016238,"{""type"":""Point"",""coordinates"":[80.19035308296745,13.15725263419468]}"
308,24.79308338994565,1842.9785433070867,40.43449903999999,29.630000000000052,-0.05707395498392283,0.3071570576540755,-0.3480266529984623,"{""type"":""Point"",""coordinates"":[80.22745880541937,13.080517329705724]}"
310,24.792413330078148,1507.3742125984254,42.669884120000006,29.730000000000018,0.042147516307074764,0.2147629653197582,-0.24608355091383813,"{""type"":""Point"",""coordinates"":[80.21227885796617,13.032187531027603]}"
311,24.79308338994565,1790.7777559055119,43.82517488000002,29.630000000000052,-0.003572846367606193,0.30208601596703577,-0.3544066434503081,"{""type"":""Point"",""coordinates"":[80.22325543950247,13.078796121780679]}"
317,24.79308338994565,1400.3968503937006,39.79874732000002,29.510000000000048,-0.10663346162553769,0.5666666666666667,-0.5611625678696902,"{""type"":""Point"",""coordinates"":[80.22544555717946,13.106955923648778]}"
321,24.79308338994565,1853.272834645669,42.601523720000046,29.900000000000034,0.04724253805099822,0.21105527638190955,-0.26708727655099895,"{""type"":""Point"",""coordinates"":[80.20681527772246,13.121459999112622]}"
324,24.792413330078148,1808.755118110236,43.93113349999999,29.650000000000034,0.06499701848539058,0.24411531340915102,-0.2734163508391987,"{""type"":""Point"",""coordinates"":[80.1856407259988,13.0293990855076]}"
325,24.792413330078148,1623.950984251968,41.244569780000006,29.390000000000043,-0.050314465408805034,0.5382843983880253,-0.5268571428571428,"{""type"":""Point"",""coordinates"":[80.18960150369615,13.020806376861147]}"
326,24.792413330078148,1886.8633858267715,45.127440500000034,29.810000000000002,0.11857628474305139,0.16398204383416953,-0.19393282773564463,"{""type"":""Point"",""coordinates"":[80.22882479877295,13.038295372562539]}"
327,24.792413330078148,1461.5828740157478,36.77721764,28.260000000000048,-0.18791946308724833,0.7347626339969372,-0.6619718309859155,"{""type"":""Point"",""coordinates"":[80.23790274603743,12.994355328040035]}"
330,24.79308338994565,1952.198031496063,44.994137720000026,29.690000000000055,0.09033654792363707,0.10310262529832935,-0.1787809232338689,"{""type"":""Point"",""coordinates"":[80.2186977923948,13.057064861092197]}"
333,24.79308338994565,1782.807283464567,46.846704560000035,29.850000000000023,0.08358208955223881,0.15196998123827393,-0.2059483726150393,"{""type"":""Point"",""coordinates"":[80.17907655160506,13.060184078573801]}"
334,24.792413330078148,1907.471653543307,43.45944674000003,29.630000000000052,0.05875275716863846,0.16073194856577647,-0.2132333936417679,"{""type"":""Point"",""coordinates"":[80.24028385812491,13.033668555772616]}"
335,24.79308338994565,1703.4874015748032,44.92577732000001,29.57000000000005,0.09535135135135135,0.14881933003844042,-0.22769953051643194,"{""type"":""Point"",""coordinates"":[80.16687528845526,13.083201831551866]}"
336,24.792413330078148,1608.8151574803148,41.292422060000035,28.680000000000007,-0.024071807425540596,0.4878482513337285,-0.4631302827164092,"{""type"":""Point"",""coordinates"":[80.23272718771591,13.010361790514501]}"
337,24.792413330078148,1644.7492125984252,44.768548399999986,29.910000000000025,0.044960579586618366,0.288671650373778,-0.3375111906893465,"{""type"":""Point"",""coordinates"":[80.22435730054292,13.035805351478258]}"
341,24.782156372070347,1656.825,46.63478731999999,27.910000000000025,0.05913757700205339,0.3098913664951401,-0.35481963335304556,"{""type"":""Point"",""coordinates"":[80.19835144237804,13.187727857093895]}"
346,24.79308338994565,1460.1950787401577,39.94572218000002,29.49000000000001,-0.1419698314108252,0.5791411042944785,-0.5566979135167825,"{""type"":""Point"",""coordinates"":[80.23553330269668,13.101854607120627]}"
348,24.792413330078148,1902.5454724409446,45.17529278000001,29.590000000000032,0.04238559639909977,0.26983337478239244,-0.2952815829528158,"{""type"":""Point"",""coordinates"":[80.2187391438812,12.981486527359175]}"
351,24.792413330078148,1932.696062992126,45.55469300000004,29.450000000000045,0.0891685871299415,0.26458282057592913,-0.32286302780638515,"{""type"":""Point"",""coordinates"":[80.2410374885778,12.977032963515901]}"
352,24.792413330078148,1800.7009842519683,41.92133774000001,28.680000000000007,-0.036773428232502965,0.34668721109399075,-0.36633663366336633,"{""type"":""Point"",""coordinates"":[80.23163103998766,13.010627686106348]}"
353,24.782156372070347,1917.776771653543,46.92873703999999,28.29000000000002,0.03987126765599857,0.2871524448705657,-0.3358208955223881,"{""type"":""Point"",""coordinates"":[80.21182609219703,13.169765295498133]}"
356,24.792413330078148,2128.780708661417,43.92429746000005,29.510000000000048,-0.028014616321559074,0.3001760563380282,-0.30823737821080605,"{""type"":""Point"",""coordinates"":[80.231886043516,12.980972612040224]}"
358,24.79308338994565,1970.0080708661417,42.23921360000003,30.02000000000004,0.06897895557287607,0.1469035045607297,-0.2020125786163522,"{""type"":""Point"",""coordinates"":[80.21929266364121,13.12092187054713]}"
360,24.782156372070347,2075.6891732283466,47.41409587999999,28.53000000000003,0.06916802610114192,0.3006610439936175,-0.35695600475624256,"{""type"":""Point"",""coordinates"":[80.19615973391628,13.181156267418208]}"
361,24.782156372070347,1700.0907480314959,46.457050279999976,27.950000000000045,0.055900621118012424,0.3736232702626377,-0.3651417344934044,"{""type"":""Point"",""coordinates"":[80.22131568388666,13.182365308362746]}"
362,24.79308338994565,1623.172440944882,43.080046519999996,29.55000000000001,-6.492101276779918E-4,0.32341156267887805,-0.36,"{""type"":""Point"",""coordinates"":[80.20352481910456,13.097039091716615]}"
368,24.79308338994565,2013.3456692913385,42.88863739999999,29.640000000000043,0.09170305676855896,0.1333807154702677,-0.1968976732549412,"{""type"":""Point"",""coordinates"":[80.22654893092341,13.096196599326309]}"
370,24.792413330078148,1270.8259842519685,48.31303514000001,29.180000000000007,0.21123774184998675,0.16981132075471697,-0.25994919559695173,"{""type"":""Point"",""coordinates"":[80.16594255206168,13.001681392482226]}"
371,24.79308338994565,2155.9765748031496,42.11958290000001,29.810000000000002,0.002176278563656148,0.18654302350657753,-0.2278509261325597,"{""type"":""Point"",""coordinates"":[80.20465344642376,13.11572649041561]}"
374,24.79308338994565,1711.174409448819,42.898891460000016,29.400000000000034,0.0719347219239854,0.18997797356828194,-0.26670574443141853,"{""type"":""Point"",""coordinates"":[80.18599018106373,13.100212795469433]}"
375,24.782156372070347,350.4834645669292,32.60381522,28.090000000000032,-0.09127789046653144,-0.2739541160593792,0.4227467811158798,"{""type"":""Point"",""coordinates"":[80.16833992711733,13.172982410350095]}"
385,24.792413330078148,1720.065157480315,44.85741691999999,29.80000000000001,0.11166459111664591,0.16907948647910406,-0.24527203956939192,"{""type"":""Point"",""coordinates"":[80.16672974105406,13.030194399061811]}"
390,24.79308338994565,2206.2462598425195,42.94332572000002,29.400000000000034,0.023068473086781397,0.12787994081589515,-0.1870967741935484,"{""type"":""Point"",""coordinates"":[80.1816357772126,13.105570532380042]}"
391,24.792413330078148,1744.938188976378,45.25390723999999,29.660000000000025,0.065157017731254,0.17729351627656711,-0.24992859183090546,"{""type"":""Point"",""coordinates"":[80.19231123341152,13.048289795020272]}"
394,24.79308338994565,1798.370275590551,41.620551980000016,29.810000000000002,0.014498283098054178,0.34007782101167316,-0.3753993610223642,"{""type"":""Point"",""coordinates"":[80.19757082550865,13.122638525156844]}"
395,24.782156372070347,1920.0799212598426,45.602545280000015,28.05000000000001,0.013265491550063601,0.3384274094158245,-0.32860288720332764,"{""type"":""Point"",""coordinates"":[80.20430392936063,13.17948006432824]}"
398,24.792413330078148,1529.2206692913387,39.68595266,28.260000000000048,-0.184622067767159,0.578125,-0.5685936151855048,"{""type"":""Point"",""coordinates"":[80.23803537835208,12.998282451804215]}"
400,24.792413330078148,2076.8564960629924,48.272018900000035,29.450000000000045,0.16870596959584724,0.04937982681956471,-0.11625591237241722,"{""type"":""Point"",""coordinates"":[80.1679885380944,12.99687871762681]}"
401,24.79308338994565,2284.657677165354,46.85695862,29.850000000000023,0.08870151770657674,0.13577133249264398,-0.2008888888888889,"{""type"":""Point"",""coordinates"":[80.18398728531828,13.066750602469499]}"
403,24.792413330078148,1917.9372047244094,43.914043400000025,29.130000000000052,0.0826697004171407,0.2049813200498132,-0.2635152781405067,"{""type"":""Point"",""coordinates"":[80.17724881857974,13.015138495143757]}"
407,24.79308338994565,1945.498228346457,43.158660980000036,29.74000000000001,-0.0023112480739599386,0.23669201520912547,-0.2971086739780658,"{""type"":""Point"",""coordinates"":[80.2120190479353,13.088184873280872]}"
408,24.79308338994565,1915.1783464566927,45.421390220000035,29.77000000000004,0.022906358805204325,0.33000748316288353,-0.3488489754616747,"{""type"":""Point"",""coordinates"":[80.16735406682629,13.05098566102503]}"
409,24.792413330078148,1871.8811023622045,44.93944940000006,29.750000000000057,0.04758112681664344,0.22446890197082162,-0.272002127093858,"{""type"":""Point"",""coordinates"":[80.1831476257503,13.049314878664957]}"
411,24.79308338994565,1552.7442913385828,40.803645200000005,29.450000000000045,-0.10363790186125212,0.5311032863849765,-0.49856404365307294,"{""type"":""Point"",""coordinates"":[80.24181569923442,13.106335355145408]}"
412,24.79308338994565,1985.6340551181104,44.48827075999998,29.670000000000016,0.03795565576850808,0.18081180811808117,-0.264509755495184,"{""type"":""Point"",""coordinates"":[80.22590318347451,13.08819149962753]}"
419,24.79308338994565,1914.9736220472441,43.51413506000006,29.590000000000032,0.10278161373051883,0.15578144853875475,-0.21021820117083556,"{""type"":""Point"",""coordinates"":[80.18599602922454,13.096772582221275]}"
420,24.79308338994565,1864.1035433070865,47.35940756000002,29.53000000000003,0.12055295791827607,0.12101580720393884,-0.1848808545603944,"{""type"":""Point"",""coordinates"":[80.16410833502538,13.058056369222514]}"
421,24.792413330078148,1498.55531496063,43.507299020000005,29.32000000000005,-0.05439161966156326,0.5967053081147041,-0.5494375370041444,"{""type"":""Point"",""coordinates"":[80.17455815563477,13.005119394476667]}"
424,24.79308338994565,1850.2068897637796,42.21528746000001,29.810000000000002,0.08276959808993235,0.19927159209157128,-0.26474622770919065,"{""type"":""Point"",""coordinates"":[80.207941038829,13.115547630709194]}"
425,24.782156372070347,1755.6173228346454,37.7616074,28.53000000000003,-0.3001973802260901,0.779906656841071,-0.6623078687772425,"{""type"":""Point"",""coordinates"":[80.19232519621167,13.17627142779782]}"
426,24.79308338994565,263.5021653543307,34.55208662000001,29.430000000000007,0.08502024291497975,-0.10139165009940358,0.19858156028368795,"{""type"":""Point"",""coordinates"":[80.19140426873899,13.129573993522932]}"
427,24.792413330078148,1846.9706692913385,44.898433160000025,29.720000000000027,0.05653104925053533,0.11770674784373414,-0.17243214475784993,"{""type"":""Point"",""coordinates"":[80.16535839749807,13.038699618300317]}"
430,24.79308338994565,2090.2127952755905,47.25344894,29.29000000000002,0.0929144385026738,0.21350324167225576,-0.2902305681007844,"{""type"":""Point"",""coordinates"":[80.22510647233571,13.148433033860627]}"
431,24.79308338994565,2133.2000000000003,42.59126966000002,29.670000000000016,0.028703868782314138,0.18848167539267016,-0.24839596700274977,"{""type"":""Point"",""coordinates"":[80.20969394199241,13.114903914778415]}"
435,24.782156372070347,307.17834645669285,31.199009000000046,28.130000000000052,-0.18706697459584296,-0.196875,0.37317073170731707,"{""type"":""Point"",""coordinates"":[80.1817187374575,13.152181716122787]}"
438,24.792413330078148,1855.6261811023621,42.099074780000024,29.450000000000045,0.08585858585858586,0.17298105682951145,-0.2456326098464796,"{""type"":""Point"",""coordinates"":[80.23667584955,12.978165341714117]}"
440,24.79308338994565,1998.8151574803146,44.79589256000003,29.710000000000036,0.11165048543689321,0.129093497864262,-0.20242608036391205,"{""type"":""Point"",""coordinates"":[80.17469201729054,13.052774217088396]}"
442,24.782156372070347,1881.3151574803146,45.13085852000006,28.28000000000003,0.0775643349039507,0.2671147622603933,-0.3314151190164792,"{""type"":""Point"",""coordinates"":[80.24487678760521,13.177890377687119]}"
449,24.79308338994565,1464.3249999999998,41.22064364000005,29.430000000000007,-0.29959695476936854,0.7197037037037037,-0.6294216732172937,"{""type"":""Point"",""coordinates"":[80.18909350809453,13.129946192522114]}"
452,24.782156372070347,1711.065157480315,46.41261602000003,28.29000000000002,0.04913916786226686,0.44823818628789946,-0.46626106194690264,"{""type"":""Point"",""coordinates"":[80.2157044394623,13.16209798967877]}"
453,24.782156372070347,1923.5681102362207,45.60938132000001,27.99000000000001,0.0878468899521531,0.1998992950654582,-0.23631647211413748,"{""type"":""Point"",""coordinates"":[80.22239170608059,13.180593719468323]}"
454,24.792413330078148,1825.0395669291338,45.64356152000005,29.350000000000023,0.032604801146542454,0.35678391959798994,-0.39462809917355374,"{""type"":""Point"",""coordinates"":[80.18699822115896,13.01524445193612]}"
456,24.792413330078148,1993.2629921259843,44.207993120000026,29.33000000000004,0.08543653019255935,0.17483189241114314,-0.21964597357267515,"{""type"":""Point"",""coordinates"":[80.1919827447321,13.007484564495435]}"
467,24.79308338994565,1994.2285433070867,42.79635086000002,29.630000000000052,0.09957708573625529,0.1238003838771593,-0.1807411141920847,"{""type"":""Point"",""coordinates"":[80.2018150225317,13.100891227576835]}"
469,24.782156372070347,1891.1793307086614,46.59718910000004,28.510000000000048,0.09757809757809757,0.24927113702623907,-0.33316048742546023,"{""type"":""Point"",""coordinates"":[80.21580266624493,13.165780120930348]}"
470,24.79308338994565,1330.7944881889764,40.58489192000002,29.52000000000004,-0.09798931025706287,0.4779033915724563,-0.47436773752563227,"{""type"":""Point"",""coordinates"":[80.23918571216842,13.066779755845356]}"
473,24.792413330078148,2012.9913385826771,43.74314240000001,29.500000000000057,0.012575177692728267,0.2472375690607735,-0.2909220872051465,"{""type"":""Point"",""coordinates"":[80.20712987116268,12.98590074786164]}"
476,24.782156372070347,1920.0799212598426,45.602545280000015,28.05000000000001,0.013265491550063601,0.3384274094158245,-0.32860288720332764,"{""type"":""Point"",""coordinates"":[80.20438912689306,13.179799324391649]}"
478,24.79308338994565,1549.5405511811023,42.33491816000003,29.310000000000002,-0.00970472847408631,0.43696738172201,-0.5009208103130756,"{""type"":""Point"",""coordinates"":[80.16774458230097,13.126695662456031]}"
481,24.79308338994565,1959.6370078740156,43.54489724000001,29.370000000000005,-0.03590900545215266,0.33932912007778315,-0.3334946757018393,"{""type"":""Point"",""coordinates"":[80.16635438758868,13.070504073714803]}"
488,24.79308338994565,1539.8958661417323,43.64060180000001,29.840000000000032,-0.0372557928214448,0.36624775583482944,-0.40104326480515495,"{""type"":""Point"",""coordinates"":[80.19937840471613,13.064175870887569]}"
489,24.79308338994565,2050.5316929133855,44.65917176000005,29.720000000000027,0.02746844840386043,0.1917216283829884,-0.24613555291319858,"{""type"":""Point"",""coordinates"":[80.18282047458744,13.075515657142857]}"
491,24.79308338994565,1423.14094488189,43.52438912000002,29.390000000000043,0.006201935003721161,0.3074412532637076,-0.3411449614998326,"{""type"":""Point"",""coordinates"":[80.16564816871791,13.1146776962441]}"
492,24.782156372070347,1555.5041338582678,47.50980044000005,27.950000000000045,0.04156954156954157,0.46322657176749704,-0.5181538461538462,"{""type"":""Point"",""coordinates"":[80.21903303410323,13.176768641158743]}"
495,24.79308338994565,1886.7836614173225,42.717736400000035,29.630000000000052,0.027348394768133173,0.2058968058968059,-0.2652745552977572,"{""type"":""Point"",""coordinates"":[80.22772398473435,13.078807677979704]}"
496,24.79308338994565,1661.6438976377951,41.15228324000003,29.590000000000032,0.04201331114808652,0.3156241073978863,-0.34012219959266804,"{""type"":""Point"",""coordinates"":[80.24586695040416,13.093248977539576]}"
502,24.79308338994565,2145.7600393700786,44.44383650000003,29.370000000000005,0.05995792426367461,0.18262020291133657,-0.23463043978816486,"{""type"":""Point"",""coordinates"":[80.2077990064045,13.14056604250074]}"
503,24.792413330078148,1570.9263779527557,44.02342004000002,29.390000000000043,0.05505167686142164,0.3514328808446455,-0.398688729316266,"{""type"":""Point"",""coordinates"":[80.18856014874962,13.02014423484106]}"
505,24.79308338994565,1643.7226377952754,41.917919719999986,29.77000000000004,0.04145785876993166,0.18970879276222788,-0.24056603773584906,"{""type"":""Point"",""coordinates"":[80.21358867415448,13.129646444479707]}"
506,24.792413330078148,2089.5917322834644,44.47801670000001,29.74000000000001,0.04863496655216055,0.16855429713524317,-0.22685940778736302,"{""type"":""Point"",""coordinates"":[80.19846186241516,12.982890971430761]}"
507,24.792413330078148,2000.2679133858267,43.032194240000024,29.430000000000007,-0.0022615906520919715,0.2078128548716784,-0.2655878153260352,"{""type"":""Point"",""coordinates"":[80.20988747574762,12.986039106199053]}"
509,24.792413330078148,1762.89094488189,42.6835562,29.83000000000004,0.02645930115128257,0.2936124530327429,-0.3348103018554417,"{""type"":""Point"",""coordinates"":[80.22843142587774,13.044200279596664]}"
510,24.782156372070347,336.81318897637794,33.639475280000056,28.79000000000002,-0.15384615384615385,-0.19137466307277629,0.3684210526315789,"{""type"":""Point"",""coordinates"":[80.25000821589119,13.163859879150186]}"
511,24.79308338994565,1755.5159448818897,41.79145298000003,29.57000000000005,0.008639308855291577,0.2171837708830549,-0.2746459316856429,"{""type"":""Point"",""coordinates"":[80.24789726571754,13.079676657713634]}"
512,24.782156372070347,1461.0070866141732,40.89593174000004,28.28000000000003,-0.04148606811145511,0.5695178849144634,-0.582810539523212,"{""type"":""Point"",""coordinates"":[80.24255102835961,13.181610590094927]}"
515,24.782156372070347,252.65374015748029,31.790326460000017,28.460000000000036,-0.047619047619047616,-0.3469387755102041,0.519781718963165,"{""type"":""Point"",""coordinates"":[80.18911101024615,13.15903210468598]}"
517,24.79308338994565,1801.6616141732284,43.305635840000036,29.670000000000016,0.10037174721189591,0.16908212560386474,-0.208992506244796,"{""type"":""Point"",""coordinates"":[80.24700125329315,13.115975450991016]}"
519,24.79308338994565,2021.3496062992128,44.21482916000002,29.690000000000055,-0.005616889405384466,0.17973187911838218,-0.23120701920796774,"{""type"":""Point"",""coordinates"":[80.18959200460299,13.075713422697646]}"
520,24.792413330078148,1634.11437007874,41.57611772000001,29.310000000000002,-0.03553875236294896,0.5314509365389991,-0.556692242114237,"{""type"":""Point"",""coordinates"":[80.18616115500919,13.00750626281636]}"
523,24.79308338994565,1609.854527559055,39.3338966,29.470000000000027,-0.113671875,0.5838888888888889,-0.5639056500274273,"{""type"":""Point"",""coordinates"":[80.24667189774947,13.069458267530994]}"
524,24.782156372070347,1601.3446850393702,44.51903293999999,28.150000000000034,-0.046825396825396826,0.5408878504672897,-0.4778711484593838,"{""type"":""Point"",""coordinates"":[80.16165003486434,13.177020303907296]}"
525,24.79308338994565,1464.6399606299212,45.800790440000014,29.690000000000055,0.05233739837398374,0.19512976610060878,-0.2550471063257066,"{""type"":""Point"",""coordinates"":[80.19071132749777,13.074184037268962]}"
526,24.79308338994565,1940.1350393700789,43.49362694000001,29.460000000000036,0.03904597037891902,0.21203299369238235,-0.2571716155007549,"{""type"":""Point"",""coordinates"":[80.24467662339895,13.055603498224936]}"
527,24.782156372070347,1582.1084645669293,44.31736976000002,28.03000000000003,-0.01660872923908845,0.5441478439425051,-0.5346938775510204,"{""type"":""Point"",""coordinates"":[80.23162308020355,13.176248947296202]}"
528,24.79308338994565,2102.446062992126,42.18794330000003,29.590000000000032,-0.011867810845353296,0.20898778359511344,-0.25073346874294744,"{""type"":""Point"",""coordinates"":[80.24384880745595,13.090609192685694]}"
533,24.79308338994565,1842.6429133858267,43.032194240000024,29.630000000000052,0.0696629213483146,0.18071039668135858,-0.2218942849476791,"{""type"":""Point"",""coordinates"":[80.2187861179674,13.112398824960689]}"
544,24.792413330078148,1579.928346456693,41.757272779999994,29.130000000000052,-0.03174301463600076,0.5852803738317757,-0.5584266436979616,"{""type"":""Point"",""coordinates"":[80.18274196163797,13.009960773784266]}"
545,24.79308338994565,2008.5740157480316,45.83497064000005,29.80000000000001,0.07942440665296206,0.16343882853094002,-0.2211204759543877,"{""type"":""Point"",""coordinates"":[80.20641160951413,13.074740812909885]}"
547,24.79308338994565,1760.838779527559,44.59764740000003,29.660000000000025,0.11437335670464505,0.15156695156695157,-0.19338647770888692,"{""type"":""Point"",""coordinates"":[80.23065411994236,13.065384193537795]}"
551,24.79308338994565,229.6074803149606,31.585245260000022,29.430000000000007,0.14461538461538462,-0.38495575221238937,0.4880294659300184,"{""type"":""Point"",""coordinates"":[80.1869071858617,13.125567974925374]}"
552,24.79308338994565,1756.4037401574801,43.07321048000006,29.210000000000036,0.11720385098367518,0.20170940170940171,-0.2391304347826087,"{""type"":""Point"",""coordinates"":[80.24034889332525,13.1347493973162]}"
556,24.79308338994565,1756.4037401574801,43.07321048000006,29.210000000000036,0.11720385098367518,0.20170940170940171,-0.2391304347826087,"{""type"":""Point"",""coordinates"":[80.24031711714596,13.134909426639863]}"
557,24.792413330078148,1956.761023622047,45.226563080000005,29.52000000000004,0.07423748321503933,0.17249757045675412,-0.2492881180429718,"{""type"":""Point"",""coordinates"":[80.16586297231474,13.023381130872192]}"
560,24.79308338994565,2003.5405511811023,44.07469034000002,29.650000000000034,0.05479194125400113,0.20095693779904306,-0.24813525609149678,"{""type"":""Point"",""coordinates"":[80.22967508765268,13.132001883658006]}"
561,24.792413330078148,2150.9263779527555,44.173812920000046,29.730000000000018,0.03518485443829255,0.1730727470141151,-0.22134297987791093,"{""type"":""Point"",""coordinates"":[80.19152386256712,12.986792682246282]}"
563,24.79308338994565,1938.2679133858264,42.28706588,29.27000000000004,0.055089820359281436,0.14986640757833375,-0.18884982420894023,"{""type"":""Point"",""coordinates"":[80.21941823666896,13.13430479759188]}"
564,24.79308338994565,269.38405511811027,31.304967620000014,28.690000000000055,0.0047169811320754715,-0.23688969258589512,0.40646976090014064,"{""type"":""Point"",""coordinates"":[80.16479727865327,13.136090553669042]}"
566,24.782156372070347,421.1074803149606,32.95928930000002,28.370000000000005,-0.2815198618307427,-0.1558589306029579,0.3097674418604651,"{""type"":""Point"",""coordinates"":[80.17456611209056,13.178223365603039]}"
567,24.792413330078148,1775.3899606299212,47.68753748000006,29.480000000000018,0.1710725075528701,0.20208105147864183,-0.26768697660987584,"{""type"":""Point"",""coordinates"":[80.16478884940545,12.989867491591573]}"
574,24.792413330078148,1886.7738188976377,41.473577120000016,29.430000000000007,0.023800234100663287,0.25823485038974103,-0.3024466423737637,"{""type"":""Point"",""coordinates"":[80.21128071453177,12.990250626316021]}"
577,24.79308338994565,1973.4677165354328,42.91598155999998,29.110000000000014,0.03365826742688983,0.2602542576157352,-0.29345150172328904,"{""type"":""Point"",""coordinates"":[80.19563747353753,13.149871024818697]}"
578,24.79308338994565,1562.754133858268,42.32124608000004,29.450000000000045,0.00265017667844523,0.3520958083832335,-0.36311500150920617,"{""type"":""Point"",""coordinates"":[80.24102774996638,13.108014756711372]}"
580,24.79308338994565,2010.575,42.868129280000005,29.49000000000001,0.0893792071802543,0.16062917063870352,-0.22300351582119537,"{""type"":""Point"",""coordinates"":[80.24770593036092,13.135677263051464]}"
585,24.782156372070347,295.823031496063,31.70145794000001,28.32000000000005,-0.14705882352941177,-0.27666151468315303,0.44019138755980863,"{""type"":""Point"",""coordinates"":[80.18702105800223,13.159765960496193]}"
586,24.79308338994565,1969.7167322834646,43.33298000000002,28.970000000000027,0.1046119235095613,0.15306615161757606,-0.23124516627996908,"{""type"":""Point"",""coordinates"":[80.24807456340879,13.147032830145791]}"
591,24.79308338994565,1584.243307086614,37.741099280000014,29.710000000000036,-0.16017819097423977,0.6825842696629213,-0.644249245127642,"{""type"":""Point"",""coordinates"":[80.23841657099,13.088233092325737]}"
593,24.782156372070347,327.25807086614174,31.944137360000013,28.130000000000052,-0.10328638497652583,-0.3168604651162791,0.45977011494252873,"{""type"":""Point"",""coordinates"":[80.16520044230549,13.161768835072767]}"
594,24.792413330078148,1269.9352362204722,36.739619420000054,28.410000000000025,-0.13973799126637554,0.6742694226657163,-0.5839514497639919,"{""type"":""Point"",""coordinates"":[80.23349447587566,13.006243353423054]}"
595,24.79308338994565,1412.7718503937008,43.97556775999999,29.590000000000032,-0.0334841628959276,0.5041159038524861,-0.4683381549341048,"{""type"":""Point"",""coordinates"":[80.23539607848286,13.132943483675371]}"
598,24.79308338994565,1988.6832677165355,43.65085585999998,29.460000000000036,0.014264264264264264,0.22424242424242424,-0.28820210939416235,"{""type"":""Point"",""coordinates"":[80.24653653941962,13.053724587065973]}"
600,24.79308338994565,416.8692913385827,31.345983860000047,28.400000000000034,-0.25950413223140495,-0.13703284258210646,0.2911627906976744,"{""type"":""Point"",""coordinates"":[80.16935913585904,13.149214581537004]}"
603,24.792413330078148,2207.232480314961,45.34961180000005,29.450000000000045,0.05704584040747029,0.18497973117132493,-0.2383500557413601,"{""type"":""Point"",""coordinates"":[80.20347470507538,12.998551082672241]}"
606,24.79308338994565,2187.0188976377954,43.20993127999998,29.310000000000002,0.04505341384115188,0.3009913520354356,-0.36249171636845595,"{""type"":""Point"",""coordinates"":[80.16422929915939,13.128740944499]}"
607,24.79308338994565,1817.465748031496,44.895015140000055,29.660000000000025,0.08519811127078629,0.18826666666666667,-0.24053452115812918,"{""type"":""Point"",""coordinates"":[80.23171411728025,13.065366442214644]}"
609,24.79308338994565,1851.5622047244094,44.228501240000014,29.590000000000032,0.05148081892267939,0.21703647028819179,-0.27696012844527695,"{""type"":""Point"",""coordinates"":[80.23339921309334,13.130363760206212]}"
610,24.79308338994565,2748.297440944881,50.40828140000002,29.29000000000002,0.1207324643078833,-0.003342128408091469,-0.0580765639589169,"{""type"":""Point"",""coordinates"":[80.16574808494124,13.093309492202906]}"
613,24.792413330078148,1457.3909448818897,37.95643454000003,28.870000000000005,-0.1993911719939117,0.6594464500601684,-0.6237856932587578,"{""type"":""Point"",""coordinates"":[80.23217694202022,12.988893174394976]}"
616,24.79308338994565,1580.1281496062993,47.355989539999996,29.430000000000007,-0.011764705882352941,0.2763431285247848,-0.2963521254145312,"{""type"":""Point"",""coordinates"":[80.16949744475735,13.095581413392905]}"
617,24.792413330078148,1240.475590551181,35.4544439,28.390000000000043,-0.3079548437910213,0.7292606733772995,-0.6431398416886543,"{""type"":""Point"",""coordinates"":[80.22735775712614,12.99973349836046]}"
618,24.79308338994565,766.9125984251967,31.944137360000013,28.79000000000002,-0.34061757719714963,0.607977207977208,-0.4931216931216931,"{""type"":""Point"",""coordinates"":[80.18705490924242,13.12664627727992]}"
621,24.792413330078148,1848.8555118110235,45.05908010000002,29.350000000000023,0.05367399485046544,0.21392276422764228,-0.25505647491463096,"{""type"":""Point"",""coordinates"":[80.20469521534953,13.009080521313871]}"
622,24.792413330078148,1362.8653543307087,44.53954106000003,29.55000000000001,0.0029154518950437317,0.32511447692849593,-0.32651622002820874,"{""type"":""Point"",""coordinates"":[80.2006214044111,12.97945661911681]}"
624,24.79308338994565,1622.6744094488186,42.36568034000004,29.730000000000018,0.024199124222171006,0.22974150450188788,-0.26539151225343693,"{""type"":""Point"",""coordinates"":[80.16699927441725,13.121865583793744]}"
625,24.792413330078148,1758.7059055118107,44.13963272000001,29.710000000000036,0.08316787999117582,0.12172739541160593,-0.17235543018335683,"{""type"":""Point"",""coordinates"":[80.20881144913794,13.04127954794532]}"
626,24.782156372070347,404.5730314960629,31.25711534000004,28.130000000000052,-0.24719101123595505,-0.2052505966587112,0.34124629080118696,"{""type"":""Point"",""coordinates"":[80.17106937852468,13.160513991199348]}"
627,24.792413330078148,2009.979527559055,41.27191393999999,29.07000000000005,0.03134996801023673,0.06745005875440659,-0.11160058737151249,"{""type"":""Point"",""coordinates"":[80.23237711061338,13.022245091108674]}"
628,24.782156372070347,292.8879921259843,31.181918900000028,28.130000000000052,-0.12857142857142856,-0.21652892561983472,0.40823970037453183,"{""type"":""Point"",""coordinates"":[80.18253274993613,13.150524383180908]}"
630,24.792413330078148,1646.9883858267717,44.16697687999999,29.350000000000023,0.10893454371715242,0.10126956008266903,-0.14487415592387967,"{""type"":""Point"",""coordinates"":[80.20507466433612,13.016560662790019]}"
631,24.79308338994565,1853.8811023622045,45.158202680000045,29.630000000000052,0.01757631822386679,0.31014063656550706,-0.38317270122427716,"{""type"":""Point"",""coordinates"":[80.22226639048296,13.077977369414876]}"
638,24.79308338994565,1859.7364173228345,42.77926076000006,29.900000000000034,0.05008210180623974,0.15497878712253557,-0.23545114789108382,"{""type"":""Point"",""coordinates"":[80.20650965405117,13.11790791511622]}"
643,24.782156372070347,318.3732283464567,31.26053336000001,28.130000000000052,-0.12050739957716702,-0.21944035346097202,0.39080459770114945,"{""type"":""Point"",""coordinates"":[80.18150456819136,13.153327278591144]}"
644,24.792413330078148,1646.198031496063,44.73778622000003,29.350000000000023,0.09186906019007392,0.18915929203539822,-0.2932330827067669,"{""type"":""Point"",""coordinates"":[80.18938660139669,13.01612927278585]}"
645,24.79308338994565,1508.3909448818897,42.29390192000005,29.590000000000032,0.012254335260115608,0.29966534834195313,-0.34891064098515945,"{""type"":""Point"",""coordinates"":[80.19760176746847,13.0976267012516]}"
646,24.79308338994565,2003.4952755905513,43.97556775999999,29.670000000000016,0.06679209783631232,0.1553692056836711,-0.2283308568598316,"{""type"":""Point"",""coordinates"":[80.214619628465,13.110045335160033]}"
648,24.792413330078148,2190.224606299213,43.07662850000003,29.77000000000004,0.01972032986733596,0.18048359240069084,-0.21592172559484102,"{""type"":""Point"",""coordinates"":[80.2172040676519,13.045703397303912]}"
649,24.782156372070347,1287.3200787401574,38.60244032000003,28.090000000000032,0.0067238581034083,0.570957095709571,-0.5343839541547278,"{""type"":""Point"",""coordinates"":[80.24895378919189,13.184655369381424]}"
650,24.782156372070347,1547.293503937008,43.309053860000006,28.590000000000032,-0.05429497568881685,0.507531865585168,-0.5180863477246208,"{""type"":""Point"",""coordinates"":[80.19917804271724,13.161299595327604]}"
651,24.79308338994565,1801.1114173228348,44.27635352000004,29.920000000000016,0.06627882817369624,0.20032051282051283,-0.23767557146791518,"{""type"":""Point"",""coordinates"":[80.21125420071259,13.127010386352598]}"
654,24.79308338994565,1958.2462598425195,43.06979246000003,29.670000000000016,0.10133843212237094,0.14327414254439308,-0.21009268795056643,"{""type"":""Point"",""coordinates"":[80.20911823952115,13.111403554495782]}"
656,24.79308338994565,1775.8496062992124,44.85741691999999,29.730000000000018,0.10577971646673937,0.10691144708423327,-0.17444858206817532,"{""type"":""Point"",""coordinates"":[80.18797927735245,13.085612899679205]}"
660,24.792413330078148,1839.938188976378,46.97317129999999,29.350000000000023,0.076434469616769,0.12975912975912976,-0.18952822470684483,"{""type"":""Point"",""coordinates"":[80.24373581064769,12.980127238120497]}"
662,24.792413330078148,1514.0366141732281,41.39838068000006,29.310000000000002,-0.11498257839721254,0.6454930429522081,-0.5777262180974478,"{""type"":""Point"",""coordinates"":[80.1854508218409,13.004184084915657]}"
664,24.79308338994565,1938.2472440944882,43.31247188000003,29.670000000000016,-0.002031394275161588,0.28274231678487,-0.33645320197044337,"{""type"":""Point"",""coordinates"":[80.20377082881977,13.084720104751739]}"
665,24.79308338994565,1457.8309055118111,44.652335719999996,29.210000000000036,-0.03551660516605166,0.4190897597977244,-0.41506460762685154,"{""type"":""Point"",""coordinates"":[80.23433368885391,13.1337819699904]}"
666,24.79308338994565,1745.1311023622045,41.12835710000002,29.52000000000004,-0.02639040348964013,0.2677801724137931,-0.27672273467173086,"{""type"":""Point"",""coordinates"":[80.24281686729061,13.066623904996087]}"
674,24.792413330078148,1966.6694881889764,44.177230940000015,29.430000000000007,0.13068398930072603,0.1598266632679072,-0.20147874306839186,"{""type"":""Point"",""coordinates"":[80.17100363865993,13.02218314092192]}"
678,24.79308338994565,1659.559251968504,43.67478200000005,29.83000000000004,0.07702523240371846,0.20764552562988706,-0.2670920692798541,"{""type"":""Point"",""coordinates"":[80.22364052741696,13.121011167349451]}"
679,24.79308338994565,1691.959842519685,44.354967980000026,29.190000000000055,0.012679991403395659,0.2446491465727445,-0.29517902452776995,"{""type"":""Point"",""coordinates"":[80.17054983983896,13.103946634512468]}"
680,24.792413330078148,1525.993307086614,42.81344095999998,29.630000000000052,0.007870259957071309,0.28593508500772796,-0.29152437131325676,"{""type"":""Point"",""coordinates"":[80.24378257382821,13.039517264253657]}"
681,24.792413330078148,1818.8830708661417,45.85889678000001,29.680000000000007,0.08406043839114705,0.12200208550573514,-0.17627767149494397,"{""type"":""Point"",""coordinates"":[80.19932639494677,13.047715503111029]}"
683,24.792413330078148,1789.993307086614,42.41695063999998,29.130000000000052,-0.06482015772263897,0.4108053007135576,-0.42643648544189644,"{""type"":""Point"",""coordinates"":[80.17948545958653,13.014004673547932]}"
684,24.792413330078148,2157.13405511811,43.00826810000001,29.150000000000034,0.10313562523611636,0.04766107678729038,-0.09678909678909679,"{""type"":""Point"",""coordinates"":[80.24648928834159,12.984827300470632]}"
687,24.792413330078148,1523.6714566929134,42.099074780000024,29.610000000000014,-0.08204269568857263,0.5396069088743299,-0.5250737463126843,"{""type"":""Point"",""coordinates"":[80.24939873047245,13.04230275069969]}"
688,24.79308338994565,1749.7826771653542,42.61177778000001,29.450000000000045,0.11148720118468373,0.16569525395503748,-0.2142237640936687,"{""type"":""Point"",""coordinates"":[80.24617980790765,13.104620358604375]}"
691,24.792413330078148,1937.5425196850392,44.23533728000001,29.670000000000016,0.09115436500289073,0.15588235294117647,-0.22620904836193448,"{""type"":""Point"",""coordinates"":[80.16823839726968,13.045737371481248]}"
694,24.79308338994565,1932.7846456692914,45.61279934000004,29.660000000000025,0.11851705777953067,0.12170639899623588,-0.19550682000534902,"{""type"":""Point"",""coordinates"":[80.1818143256713,13.051767723852514]}"
695,24.79308338994565,1644.6498031496062,44.10545252000003,29.510000000000048,0.10051768766177739,0.21080139372822299,-0.27835683629675045,"{""type"":""Point"",""coordinates"":[80.23712637528172,13.056245724280593]}"
698,24.782156372070347,1666.826968503937,48.61040288000004,28.760000000000048,0.08845643520566121,0.17402449444602677,-0.253268470659775,"{""type"":""Point"",""coordinates"":[80.20337319754296,13.155971702995766]}"
701,24.782156372070347,379.24133858267714,31.25027929999999,28.360000000000014,-0.22800718132854578,-0.15451174289245984,0.31736526946107785,"{""type"":""Point"",""coordinates"":[80.17307104567847,13.153613517192177]}"
704,24.79308338994565,1650.1990157480313,49.29742490000001,29.690000000000055,0.12533215234720993,0.16279069767441862,-0.24448645242596093,"{""type"":""Point"",""coordinates"":[80.19039719627291,13.069583664538781]}"
707,24.79308338994565,1864.9273622047242,45.373537940000006,29.80000000000001,0.050365556458164096,0.1820020222446916,-0.24826481580352375,"{""type"":""Point"",""coordinates"":[80.20407288777145,13.071890461322742]}"
709,24.792413330078148,1921.7994094488188,45.28808744000003,29.840000000000032,0.0895582329317269,0.13805220883534136,-0.1878438564317527,"{""type"":""Point"",""coordinates"":[80.17162895897584,13.03390394307182]}"
714,24.79308338994565,1708.132086614173,47.11331012000005,29.730000000000018,0.05551053484602917,0.2889134641968482,-0.3354339730736179,"{""type"":""Point"",""coordinates"":[80.17136200786395,13.074956170459917]}"
717,24.782156372070347,393.5986220472441,32.49785659999998,28.52000000000004,-0.2635135135135135,-0.11896348645465253,0.295668549905838,"{""type"":""Point"",""coordinates"":[80.18211851961732,13.179691366570628]}"
719,24.792413330078148,1756.7866141732281,42.58785164000005,28.870000000000005,0.02385247544598116,0.29832044788056516,-0.3501524812863876,"{""type"":""Point"",""coordinates"":[80.23128969973054,12.986557444129636]}"
725,24.782156372070347,397.68326771653545,31.533974960000023,28.510000000000048,-0.23297491039426524,-0.18192627824019025,0.3071500503524673,"{""type"":""Point"",""coordinates"":[80.16348701737573,13.153678580598061]}"
729,24.79308338994565,297.12125984251963,32.42266016000002,29.360000000000014,0.07184466019417475,-0.19798657718120805,0.32770745428973275,"{""type"":""Point"",""coordinates"":[80.21088386020385,13.147834547073165]}"
731,24.782156372070347,1796.7393700787402,46.26222314000006,28.480000000000018,-0.07059980334316618,0.3944672131147541,-0.4012870012870013,"{""type"":""Point"",""coordinates"":[80.2056184503734,13.174475663321386]}"
733,24.792413330078148,1441.6153543307087,43.38083228000005,29.810000000000002,-0.13718329148596212,0.557848655409631,-0.5438487759528974,"{""type"":""Point"",""coordinates"":[80.23288428239758,13.040982778621618]}"
736,24.79308338994565,1829.8437007874015,42.41695063999998,28.57000000000005,0.05336332038437947,0.1826309067688378,-0.2359850507207688,"{""type"":""Point"",""coordinates"":[80.17714815040783,13.134079074043008]}"
737,24.782156372070347,329.8545275590551,32.42607817999999,28.590000000000032,-0.15023474178403756,-0.2564491654021244,0.449438202247191,"{""type"":""Point"",""coordinates"":[80.18638546933052,13.172121427206775]}"
738,24.79308338994565,1486.362401574803,46.51173860000006,29.690000000000055,0.12384378211716342,0.09015345268542199,-0.17505168849069608,"{""type"":""Point"",""coordinates"":[80.19824322652934,13.085339916902887]}"
739,24.79308338994565,1538.8259842519683,46.72023782000002,29.430000000000007,0.04239733629300777,0.33353941267387943,-0.3690891780387179,"{""type"":""Point"",""coordinates"":[80.1761367958346,13.096738247849293]}"
744,24.79308338994565,1726.049409448819,44.57713927999998,29.74000000000001,0.11512027491408934,0.16187253243090807,-0.2261904761904762,"{""type"":""Point"",""coordinates"":[80.21244061826444,13.084785523945499]}"
745,24.792413330078148,1990.6074803149604,45.161620700000014,29.79000000000002,0.04983769333587932,0.18054567022538554,-0.21811505507955936,"{""type"":""Point"",""coordinates"":[80.22252862488143,13.031601928572126]}"
746,24.792413330078148,1731.7698818897636,40.02775466000003,29.390000000000043,0.044,0.29891304347826086,-0.345341964537011,"{""type"":""Point"",""coordinates"":[80.18962857291943,13.021838749195503]}"
748,24.792413330078148,1872.1212598425197,43.38766831999999,29.04000000000002,-0.046791196597003884,0.384201516263145,-0.40411808484247086,"{""type"":""Point"",""coordinates"":[80.24229486031531,12.985564592734088]}"
749,24.79308338994565,1756.2187007874015,47.718299660000014,29.77000000000004,0.04907512268780672,0.3720043572984749,-0.4002223457476376,"{""type"":""Point"",""coordinates"":[80.16757338989869,13.055985455488607]}"
750,24.79308338994565,1727.5021653543306,45.770028260000004,29.730000000000018,0.11535234899328858,0.17329624478442282,-0.24351415094339623,"{""type"":""Point"",""coordinates"":[80.1882660467525,13.086353441157334]}"
751,24.79308338994565,2085.5208661417323,44.24900936000006,29.730000000000018,-0.02331558656140995,0.2323678974132213,-0.2593764121102576,"{""type"":""Point"",""coordinates"":[80.18628349892884,13.086796029769639]}"
752,24.79308338994565,297.9411417322834,31.352819899999986,29.400000000000034,-0.2727272727272727,-0.026856240126382307,0.17976031957390146,"{""type"":""Point"",""coordinates"":[80.17594331386404,13.125102404024748]}"
753,24.782156372070347,1187.8781496062993,45.899913019999985,27.750000000000057,-0.06725958866036687,0.47352264006139677,-0.4185445142223864,"{""type"":""Point"",""coordinates"":[80.23244006807808,13.190447805895143]}"
758,24.782156372070347,327.21870078740164,32.333791640000015,28.150000000000034,-0.1674641148325359,-0.28966521106259097,0.47243243243243244,"{""type"":""Point"",""coordinates"":[80.16879139220202,13.181709994612309]}"
762,24.79308338994565,1646.1970472440944,46.210952840000004,29.430000000000007,0.034858387799564274,0.2904165452956598,-0.32317801672640384,"{""type"":""Point"",""coordinates"":[80.17093624408098,13.097358228468725]}"
769,24.792413330078148,1171.1547244094488,41.66840425999999,29.670000000000016,0.025938358254501068,0.33055439766569406,-0.342869162810265,"{""type"":""Point"",""coordinates"":[80.19755612575423,13.028518851563451]}"
771,24.79308338994565,2130.3870078740156,44.259263420000025,29.720000000000027,0.07456219534211951,0.14190242815771886,-0.19934487599438466,"{""type"":""Point"",""coordinates"":[80.18496472638253,13.07767686401203]}"
772,24.792413330078148,2052.1734251968505,44.61131948000002,29.680000000000007,0.04599406528189911,0.21982451980080625,-0.23802647412755715,"{""type"":""Point"",""coordinates"":[80.20148730654213,13.04569548845417]}"
773,24.79308338994565,1880.1488188976377,45.226563080000005,29.210000000000036,0.07025151777970512,0.34673366834170855,-0.41874007411328745,"{""type"":""Point"",""coordinates"":[80.24112672183237,13.137911545705409]}"
774,24.79308338994565,761.2816929133859,34.34358740000005,29.690000000000055,9.881422924901185E-4,0.25981308411214954,-0.22323049001814882,"{""type"":""Point"",""coordinates"":[80.21463330421075,13.140706292599559]}"
780,24.79308338994565,1661.7846456692914,46.877466740000045,28.630000000000052,0.014998972673104582,0.34700758640067436,-0.38594969644405897,"{""type"":""Point"",""coordinates"":[80.192129706521,13.149817217814855]}"
785,24.792413330078148,1724.1291338582676,45.32568565999998,29.79000000000002,0.1412662404619509,0.16835016835016836,-0.2512019230769231,"{""type"":""Point"",""coordinates"":[80.21954184979514,13.030494928654997]}"
787,24.79308338994565,1703.1734251968503,41.360782459999996,29.670000000000016,-0.040585774058577405,0.3516304347826087,-0.36535822124622563,"{""type"":""Point"",""coordinates"":[80.2225642145271,13.091888769663228]}"
788,24.782156372070347,1431.0996062992126,45.10009634000005,28.590000000000032,-0.074972191323693,0.5300823305889804,-0.5427841634738186,"{""type"":""Point"",""coordinates"":[80.20083851437212,13.16598782380231]}"
792,24.79308338994565,1620.753149606299,43.80808478000006,29.590000000000032,0.04550651726503544,0.2105568445475638,-0.2756723716381418,"{""type"":""Point"",""coordinates"":[80.23886156084828,13.130172282184382]}"
794,24.79308338994565,1870.4194881889766,43.92429746000005,29.670000000000016,0.0397196261682243,0.23423423423423423,-0.2877284595300261,"{""type"":""Point"",""coordinates"":[80.2148807589608,13.111042811011163]}"
802,24.79308338994565,1858.6891732283464,46.00245361999998,29.690000000000055,0.03967611336032389,0.1833374906460464,-0.23477355543987508,"{""type"":""Point"",""coordinates"":[80.19993285944591,13.05497948625741]}"
804,24.79308338994565,355.71574803149605,30.829862840000033,28.400000000000034,-0.2129817444219067,-0.19731543624161074,0.351409978308026,"{""type"":""Point"",""coordinates"":[80.17102009907015,13.14633581022035]}"
805,24.792413330078148,1107.8417322834646,43.69529011999998,29.53000000000003,-0.13992722461131327,0.4227910817506193,-0.3361768127181078,"{""type"":""Point"",""coordinates"":[80.1968224279098,12.985926562606222]}"
813,24.792413330078148,1888.4903543307087,45.537602900000024,29.49000000000001,0.07136859781696053,0.10379241516966067,-0.1575091575091575,"{""type"":""Point"",""coordinates"":[80.20349817835734,13.006317846676222]}"
819,24.79308338994565,1792.1370078740158,45.335939720000056,29.730000000000018,0.06367675058176434,0.14366925064599484,-0.20862916439104315,"{""type"":""Point"",""coordinates"":[80.17337806233287,13.0682056723174]}"
823,24.792413330078148,1831.3230314960629,39.87736178,29.49000000000001,-0.25356900067980964,0.7326755931407094,-0.6809480401093893,"{""type"":""Point"",""coordinates"":[80.23859170579632,13.025358763273202]}"
825,24.792413330078148,1502.8564960629922,43.592749519999984,29.150000000000034,-0.09293504030346135,0.40806353084911423,-0.3848002403124061,"{""type"":""Point"",""coordinates"":[80.24706047034267,12.985124918550744]}"
827,24.782156372070347,2339.323031496063,48.49077218000002,28.130000000000052,0.18901660280970625,0.11330265176419023,-0.1527115951894713,"{""type"":""Point"",""coordinates"":[80.22388620154277,13.169981771686851]}"
828,24.792413330078148,1964.8811023622047,45.13769456,29.180000000000007,0.07811654338805701,0.20178739416745062,-0.259861932938856,"{""type"":""Point"",""coordinates"":[80.16180115692423,13.006889925238154]}"
832,24.782156372070347,1715.0100393700786,46.86037664000003,27.950000000000045,0.03438030560271647,0.26424006668519034,-0.2730833799664242,"{""type"":""Point"",""coordinates"":[80.22007513490252,13.182443489915416]}"
833,24.782156372070347,2083.1153543307087,47.24319488000003,29.07000000000005,0.07984927328189485,0.17641660931406286,-0.22708782005264416,"{""type"":""Point"",""coordinates"":[80.2337991780956,13.157996739080176]}"
835,24.79308338994565,1767.104527559055,46.08448610000005,29.170000000000016,0.12300123001230012,0.1625,-0.23498845265588914,"{""type"":""Point"",""coordinates"":[80.2356726801015,13.142784441004304]}"
836,24.792413330078148,1719.2127952755905,43.82517488000002,28.980000000000018,0.04360228198859006,0.2938257993384785,-0.33352272727272725,"{""type"":""Point"",""coordinates"":[80.17273907075015,13.012967714813577]}"
837,24.79308338994565,1551.0858267716535,43.28512771999999,29.640000000000043,0.08763234962829466,0.26879699248120303,-0.3119533527696793,"{""type"":""Point"",""coordinates"":[80.22702570135351,13.09470500041379]}"
840,24.792413330078148,2184.733464566929,43.507299020000005,28.950000000000045,-0.004911092294665537,0.2883195831524099,-0.331986531986532,"{""type"":""Point"",""coordinates"":[80.24614381749718,12.99361984528178]}"
841,24.792413330078148,1590.2994094488188,42.21528746000001,28.680000000000007,-0.05063812268423219,0.47429231658001153,-0.48415236987496363,"{""type"":""Point"",""coordinates"":[80.23545480788913,13.01301315532346]}"
845,24.792413330078148,1472.842716535433,42.081984680000005,29.670000000000016,0.08585131894484413,0.23685918234912395,-0.2988074957410562,"{""type"":""Point"",""coordinates"":[80.19722434583257,13.029728507222197]}"
846,24.782156372070347,1466.6625984251968,42.721154420000005,28.28000000000003,-0.0055078211059704785,0.4271419637273296,-0.4521158129175947,"{""type"":""Point"",""coordinates"":[80.24283699063373,13.174976922109664]}"
848,24.792413330078148,1930.7974409448816,44.621573539999986,29.450000000000045,0.08247422680412371,0.15239043824701196,-0.2159747766684183,"{""type"":""Point"",""coordinates"":[80.20338374320086,12.991542484623233]}"
849,24.79308338994565,2120.7600393700786,43.63034774000005,29.660000000000025,-0.010144927536231883,0.22576390415475928,-0.2641124461573339,"{""type"":""Point"",""coordinates"":[80.23102925972907,13.062097598048968]}"
850,24.792413330078148,1586.1438976377954,43.74656042000004,29.53000000000003,0.07871064467766117,0.44588235294117645,-0.505666156202144,"{""type"":""Point"",""coordinates"":[80.17442050416291,12.977600020229957]}"
852,24.79308338994565,1834.8053149606299,42.341754200000025,29.590000000000032,0.03506600660066007,0.19979481918440625,-0.23920529801324503,"{""type"":""Point"",""coordinates"":[80.19391573333829,13.098850512887829]}"
854,24.792413330078148,1838.1547244094486,43.978985780000016,29.710000000000036,-0.03913470993117011,0.3279718522241769,-0.3604531410916581,"{""type"":""Point"",""coordinates"":[80.2013176220893,13.039030441134228]}"
859,24.792413330078148,1850.870275590551,44.00632994,28.870000000000005,0.08178137651821862,0.20992264603894373,-0.23799126637554585,"{""type"":""Point"",""coordinates"":[80.23099330038535,12.985826645766048]}"
860,24.792413330078148,1301.461811023622,43.196259199999986,29.350000000000023,-0.023692235514895615,0.5811594202898551,-0.5720461095100865,"{""type"":""Point"",""coordinates"":[80.18815191754612,13.009297940603744]}"
861,24.79308338994565,312.1694881889763,32.13212845999999,29.630000000000052,-0.32894736842105265,0.17956204379562044,-0.037227214377406934,"{""type"":""Point"",""coordinates"":[80.17862510743092,13.117312494217277]}"
867,24.792413330078148,2294.860433070866,44.34813194000003,29.83000000000004,0.08621268030862127,0.1981526281064438,-0.20878633237186597,"{""type"":""Point"",""coordinates"":[80.22706098706024,13.04963638685573]}"
874,24.792413330078148,2031.0188976377951,44.64208166000003,29.77000000000004,0.03857115713471404,0.17319731045675862,-0.21663861505169513,"{""type"":""Point"",""coordinates"":[80.21496733165134,13.047925518993914]}"
879,24.79308338994565,1595.5326771653542,47.31497330000002,29.430000000000007,0.09693014261542181,0.1365987222391238,-0.17743460447526,"{""type"":""Point"",""coordinates"":[80.16780359740439,13.094020531018632]}"
881,24.792413330078148,1897.3023622047244,42.56734352000001,29.710000000000036,0.08752779462300384,0.16761510605276772,-0.17582703829122168,"{""type"":""Point"",""coordinates"":[80.20676635240662,13.041423272703089]}"
883,24.782156372070347,415.50314960629925,31.44168841999999,28.510000000000048,-0.2669983416252073,-0.1539313399778516,0.277882797731569,"{""type"":""Point"",""coordinates"":[80.16584970374174,13.15239519841975]}"
884,24.79308338994565,2102.8269685039368,46.95608120000003,29.27000000000004,0.10496613995485328,0.06729475100942127,-0.13664596273291926,"{""type"":""Point"",""coordinates"":[80.22524807411318,13.139659918648503]}"
887,24.792413330078148,1491.3328740157478,41.63422406000001,29.180000000000007,-0.17335539925527513,0.7151496824916843,-0.6308223116733755,"{""type"":""Point"",""coordinates"":[80.17031552859288,13.001330269153826]}"
893,24.79308338994565,2216.074015748031,42.76900669999998,29.670000000000016,0.02739487000523469,0.1622185154295246,-0.21756225425950196,"{""type"":""Point"",""coordinates"":[80.24754600653034,13.112231034304969]}"
895,24.79308338994565,1367.7816929133858,45.41797220000001,28.57000000000005,0.05721649484536082,0.24210526315789474,-0.31535418914059693,"{""type"":""Point"",""coordinates"":[80.18049598794347,13.136271052478214]}"
896,24.79308338994565,1856.6901574803148,41.59320782000003,29.660000000000025,0.03455162772119033,0.22225031605562579,-0.2704336399474376,"{""type"":""Point"",""coordinates"":[80.18469911540743,13.115283409835309]}"
898,24.792413330078148,2321.132086614173,44.18748500000004,29.730000000000018,0.04433833560709413,0.12983870967741937,-0.17780580075662042,"{""type"":""Point"",""coordinates"":[80.19097115502105,12.98948507177904]}"
900,24.782156372070347,1732.2629921259843,44.242173320000006,28.090000000000032,-0.11965328811004333,0.5457856399583767,-0.5005050505050505,"{""type"":""Point"",""coordinates"":[80.16132711547898,13.173383028137684]}"
903,24.792413330078148,1325.707874015748,45.60938132000001,29.49000000000001,0.06452554744525547,0.14756446991404013,-0.20677966101694914,"{""type"":""Point"",""coordinates"":[80.20455254819392,13.0071322449984]}"
905,24.79308338994565,1667.7374015748028,42.686974220000025,29.49000000000001,0.09346822080492632,0.20491084478222743,-0.25824175824175827,"{""type"":""Point"",""coordinates"":[80.24690285221297,13.137202517882693]}"
906,24.79308338994565,640.4253937007874,34.104326000000015,29.690000000000055,-0.030338389731621937,0.2824981844589688,-0.23066202090592333,"{""type"":""Point"",""coordinates"":[80.21489473284097,13.14013454257581]}"
909,24.79308338994565,1612.7344488188976,46.60060712000001,29.660000000000025,0.0922871154703522,0.22539873608185373,-0.2894236858771374,"{""type"":""Point"",""coordinates"":[80.18573556094393,13.050135758742455]}"
911,24.79308338994565,1706.9519685039368,41.24798780000003,29.470000000000027,-0.1180027306417008,0.5322106388666132,-0.5236576289207868,"{""type"":""Point"",""coordinates"":[80.24976492315466,13.071615325816245]}"
913,24.782156372070347,413.62125984251963,31.40750822000001,28.340000000000032,-0.2727272727272727,-0.17836593785960875,0.30880929332042595,"{""type"":""Point"",""coordinates"":[80.17527975209155,13.163723532073524]}"
915,24.782156372070347,365.75118110236224,31.43827040000002,28.510000000000048,-0.18632478632478633,-0.14215080346106304,0.3032128514056225,"{""type"":""Point"",""coordinates"":[80.16958748043652,13.152593536596438]}"
917,24.792413330078148,1201.2364173228345,35.32114111999999,29.140000000000043,-0.2305084745762712,0.6211388165240045,-0.5446808510638298,"{""type"":""Point"",""coordinates"":[80.24892415354951,13.021763746737463]}"
918,24.782156372070347,396.8122047244095,32.268849260000025,28.52000000000004,-0.2685337726523888,-0.11392405063291139,0.27631578947368424,"{""type"":""Point"",""coordinates"":[80.18079479783928,13.179081735549772]}"
920,24.792413330078148,1803.1488188976377,45.39404606000005,29.130000000000052,0.12472122147881283,0.3366518208016767,-0.42077415761626286,"{""type"":""Point"",""coordinates"":[80.2142145514077,13.006195831174812]}"
925,24.79308338994565,2033.0385826771658,36.06626948000002,28.870000000000005,-0.423897353648757,0.8275010292301359,-0.7112567463377024,"{""type"":""Point"",""coordinates"":[80.17777536158177,13.128901732700061]}"
927,24.79308338994565,1703.5838582677163,44.18748500000004,29.450000000000045,0.09590820523922927,0.17966101694915254,-0.24433849821215733,"{""type"":""Point"",""coordinates"":[80.24675185785455,13.103018107725761]}"
929,24.79308338994565,358.4076771653543,35.854352240000026,29.850000000000023,-0.08196721311475409,-0.1117092866756393,0.17293233082706766,"{""type"":""Point"",""coordinates"":[80.18419215113009,13.116449842874111]}"
930,24.782156372070347,1620.6143700787402,48.19682246000002,28.170000000000016,0.07900295732995352,0.24856815578465064,-0.34319162045594576,"{""type"":""Point"",""coordinates"":[80.23404384695849,13.168678176755723]}"
931,24.792413330078148,1679.4903543307087,44.293443620000005,29.79000000000002,0.09094772630684234,0.21810933940774488,-0.2912767884092967,"{""type"":""Point"",""coordinates"":[80.21699125290505,13.033071299082035]}"
933,24.792413330078148,1760.3397637795276,43.24069345999999,29.730000000000018,0.019187126057355064,0.26268260292164675,-0.30892070484581496,"{""type"":""Point"",""coordinates"":[80.2072169917218,13.031675509925707]}"
935,24.79308338994565,1621.914566929134,42.77926076000006,29.630000000000052,0.040927371658386565,0.1843412211510371,-0.22997572815533981,"{""type"":""Point"",""coordinates"":[80.20006277968568,13.103394785098502]}"
938,24.792413330078148,1974.5799212598426,45.28125140000003,29.52000000000004,0.10388856645385955,0.12399902936180539,-0.17712833545108006,"{""type"":""Point"",""coordinates"":[80.16426117945183,13.020425417899544]}"
941,24.782156372070347,374.2541338582677,31.629679520000025,28.510000000000048,-0.16236162361623616,-0.22413793103448276,0.3712574850299401,"{""type"":""Point"",""coordinates"":[80.1634473534967,13.151572247179166]}"
943,24.792413330078148,1802.1685039370077,44.980465640000034,29.710000000000036,0.0485360581646689,0.276562088056947,-0.3287596048298573,"{""type"":""Point"",""coordinates"":[80.22576529049917,13.032586356711786]}"
944,24.79308338994565,2066.372244094488,44.95653950000002,29.730000000000018,0.07439613526570048,0.29780988936554526,-0.36629427145234134,"{""type"":""Point"",""coordinates"":[80.1674881223248,13.06762062184225]}"
945,24.782156372070347,391.9204724409448,31.71854804000003,28.160000000000025,-0.2701252236135957,-0.15876777251184834,0.31665062560153995,"{""type"":""Point"",""coordinates"":[80.17343829263842,13.170034678535348]}"
947,24.792413330078148,1208.6064960629922,36.50719406000002,28.390000000000043,-0.20042417815482502,0.6690011057869517,-0.598305683021532,"{""type"":""Point"",""coordinates"":[80.22904265555113,12.995689953262803]}"
953,24.79308338994565,1825.9450787401572,43.948223600000006,29.630000000000052,0.056006493506493504,0.27626886145404667,-0.2886426592797784,"{""type"":""Point"",""coordinates"":[80.19895343602239,13.105541729270065]}"
956,24.782156372070347,1791.588779527559,49.19830232000004,28.630000000000052,0.09519832985386222,0.1514346439957492,-0.2236024844720497,"{""type"":""Point"",""coordinates"":[80.18953681344561,13.189081520001936]}"
957,24.79308338994565,1836.5631889763777,42.76900669999998,29.620000000000005,0.03276068717538953,0.2540792540792541,-0.2967327262988752,"{""type"":""Point"",""coordinates"":[80.23119866531279,13.109675987788917]}"
958,24.79308338994565,1869.731496062992,43.603003580000006,29.460000000000036,0.07835746875619917,0.18853926835507803,-0.24557640750670243,"{""type"":""Point"",""coordinates"":[80.24644632425334,13.053772831506583]}"
963,24.79308338994565,2105.2462598425195,41.31976622000002,29.510000000000048,0.02117561153705732,0.20602789023841656,-0.23690888119953865,"{""type"":""Point"",""coordinates"":[80.24048287942095,13.056977206142877]}"
965,24.79308338994565,2019.2708661417319,43.097136620000015,29.610000000000014,0.036768342951360264,0.35892067922772736,-0.4019678425725942,"{""type"":""Point"",""coordinates"":[80.23905372029054,13.109924714599025]}"
966,24.782156372070347,1652.328937007874,46.53908276000004,28.29000000000002,-0.06496432594817875,0.5698865208967617,-0.5548245614035088,"{""type"":""Point"",""coordinates"":[80.21324204500215,13.16716875190683]}"
967,24.79308338994565,1843.0523622047242,45.927257180000026,29.690000000000055,0.13083914605791588,0.07869884575026233,-0.13340683572216097,"{""type"":""Point"",""coordinates"":[80.20924559653106,13.050706397759535]}"
969,24.792413330078148,1820.6812992125983,43.34665208000001,29.79000000000002,4.29553264604811E-4,0.17763157894736842,-0.23645058448459086,"{""type"":""Point"",""coordinates"":[80.21843056923208,13.031067617140799]}"
971,24.79308338994565,230.70196850393702,30.99734582000002,29.630000000000052,0.0176678445229682,-0.3916849015317287,0.4889705882352941,"{""type"":""Point"",""coordinates"":[80.1833471702644,13.121543722782647]}"
973,24.79308338994565,1558.5503937007875,44.061018260000026,29.57000000000005,-0.21984396879375875,0.7373219373219373,-0.6561651276480174,"{""type"":""Point"",""coordinates"":[80.16885639785085,13.087948011848969]}"
975,24.782156372070347,371.059251968504,31.879194980000022,28.430000000000007,-0.24060150375939848,-0.18618988902589395,0.327217125382263,"{""type"":""Point"",""coordinates"":[80.18230018651349,13.174545229170857]}"
977,24.79308338994565,1684.9795275590552,45.305177540000045,29.690000000000055,0.07920154539600772,0.24060150375939848,-0.2844311377245509,"{""type"":""Point"",""coordinates"":[80.21675375225769,13.057892562337553]}"
980,24.79308338994565,278.4047244094489,31.68778586000002,28.79000000000002,-0.3117206982543641,-0.12769485903814262,0.28532608695652173,"{""type"":""Point"",""coordinates"":[80.17851194970977,13.125287412999072]}"
982,24.79308338994565,1595.4549212598424,41.20013552,29.670000000000016,-0.12435456110154905,0.45611590972415716,-0.47128378378378377,"{""type"":""Point"",""coordinates"":[80.17464416274017,13.07739532573114]}"
983,24.782156372070347,257.2610236220472,32.63457740000001,28.150000000000034,0.02422145328719723,-0.4679245283018868,0.6264900662251656,"{""type"":""Point"",""coordinates"":[80.16603723799788,13.183100557473773]}"
986,24.79308338994565,1811.6311023622047,39.162995600000045,29.49000000000001,-0.0025717111770524235,0.2759315206445116,-0.3350895679662803,"{""type"":""Point"",""coordinates"":[80.23776272854926,13.10497770390697]}"
989,24.792413330078148,1528.692125984252,42.55025341999999,28.870000000000005,-0.011566771819137749,0.44879518072289154,-0.49101053936763794,"{""type"":""Point"",""coordinates"":[80.23662120798913,13.01076191861904]}"
993,24.792413330078148,1327.569094488189,44.11912460000002,29.630000000000052,-0.04322111010009099,0.5830169140490162,-0.5934676858929813,"{""type"":""Point"",""coordinates"":[80.18566697360255,12.999423801451227]}"
994,24.79308338994565,2095.815157480315,43.72605229999999,29.410000000000025,0.1271249076127125,0.09377170641352164,-0.15841098577734183,"{""type"":""Point"",""coordinates"":[80.24955572017434,13.104615445112413]}"
997,24.79308338994565,2273.309251968504,44.46092659999999,29.720000000000027,0.06664352655328011,0.13316477033291194,-0.17397948046278106,"{""type"":""Point"",""coordinates"":[80.22975715349841,13.054817281710696]}"
998,24.79308338994565,1546.5228346456693,45.8281346,29.80000000000001,0.09801849405548217,0.06057781919850885,-0.11714659685863875,"{""type"":""Point"",""coordinates"":[80.20520778957919,13.070411980545916]}"
